cnpj_basico;cnpj_ordem;cnpj_dv;nome_fantasia;situacao;data_situacao;data_inicio;cnae_fiscal;bairro;municipio;Nome_Cidade;razao_social;capital_social;porte;opcao_simples;opcao_mei
05121722;0001;18;BAR DO DIDI;08;20191007;20020701;5611204;CENTRO;5315;Santo Antônio do Monte;ODILON FERREIRA DOS SANTOS JUNIOR;5000,00;01;N;20180101
25632308;0001;80;;08;20081231;19891201;8711502;CENTRO;5315;Santo Antônio do Monte;ASSOCIACAO COMUNITARIA SAO JOSE;0,00;05;;
64209976;0001;51;;08;20081231;19900824;1053800;CENTRO;5315;Santo Antônio do Monte;JOSE JANUARIO DE AZEVEDO;0,00;05;;
07507937;0001;05;CACHACA SERRANA;08;20130121;20050715;1111901;FRANCISCO SALES;5315;Santo Antônio do Monte;IRMAOS INACIO PRODUCAO DE CACHACA LTDA;0,00;01;;
09937767;0001;16;;08;20081231;20080709;9492800;CENTRO;5315;Santo Antônio do Monte;ELEICAO 2008 JONNATHAN WILLIAM DE OLIVEIRA CANADAS VEREADOR;0,00;05;;
10381391;0001;95;DOCES SOBERANO;02;20220725;20080930;1031700;MARIANOS;5315;Santo Antônio do Monte;SOBERANO-ALIMENTOS INDUSTRIA E COMERCIO LTDA.;215000,00;03;S;00000000
10065489;0001;33;;08;20081231;20080709;9492800;CENTRO;5315;Santo Antônio do Monte;ELEICAO 2008 JOSE APARECIDO DO COUTO VEREADOR;0,00;05;;
10511881;0001;69;SUL - MINAS;02;20081203;20081203;1032599;SAO PEDRO;5315;Santo Antônio do Monte;ANTONIO CELSO DE SOUZA;10000,00;01;N;00000000
11291388;0001;43;MATOS MOVEIS PLANEJADOS;08;20200107;20091106;3101200;SAO JACINTO;5315;Santo Antônio do Monte;IVAN PEREIRA DE MATOS;20000,00;01;N;00000000
14860593;0001;70;FMAS DE SENADOR JOSE BENTO;02;20060407;20060407;8411600;CENTRO;5315;Santo Antônio do Monte;FUNDO MUNICIPAL DE ASSISTENCIA SOCIAL;0,00;05;;
09029327;0001;60;J L MATERIAIS DE CONSTRUCAO;02;20070621;20070621;4744099;CENTRO;5315;Santo Antônio do Monte;MARIA APARECIDA DA SILVA SA;8000,00;01;S;00000000
09693509;0001;31;;08;20081231;20080704;9492800;CENTRO;5315;Santo Antônio do Monte;ELEICAO 2008 RAFAEL OLIVEIRA DO NASCIMENTO VEREADOR;0,00;05;;
11927107;0001;04;COMERCIO WESLEY;02;20100512;20100512;1032599;AREA RURAL;5315;Santo Antônio do Monte;WESLEY CANDIDO FERREIRA;121200,00;01;N;00000000
15856162;0001;01;;08;20121231;20120703;9492800;CENTRO;5315;Santo Antônio do Monte;ELEICAO 2012 RUBENS PEREIRA MARTINEZ VEREADOR;0,00;05;;
15977803;0001;78;;08;20121231;20120705;9492800;CENTRO;5315;Santo Antônio do Monte;ELEICAO 2012 ANDREIA REGINA INACIO MEIRA PREFEITO;0,00;05;;
16041686;0001;07;;08;20121231;20120705;9492800;CENTRO;5315;Santo Antônio do Monte;ELEICAO 2012 COMITE FINANCEIRO MG UNICO DEM SENADOR JOSE BENTO;0,00;05;;
16913616;0001;93;;08;20130923;20120926;4399103;AGUA PARADA;5315;Santo Antônio do Monte;LUCAS JOSE DA SILVA 21845053826;1,00;01;N;20120926
09707318;0001;81;;08;20081231;20080704;9492800;CENTRO;5315;Santo Antônio do Monte;ELEICAO 2008 JOSE ROBERTO MOREIRA VEREADOR;0,00;05;;
10079054;0001;48;;08;20081231;20080709;9492800;CENTRO;5315;Santo Antônio do Monte;ELEICAO 2008 SIDINEI AMARO DE SOUZA VEREADOR;0,00;05;;
12203403;0001;17;;08;20180201;20100709;5611203;CENTRO;5315;Santo Antônio do Monte;SILMARA APARECIDA DE OLIVEIRA MARTYR 07554066803;1,00;01;N;20100709
19026388;0001;28;MINERACAO SAO BENTO;04;20210331;20131008;0810006;AGUA PARADA;5315;Santo Antônio do Monte;AMADEU GOMES DE SOUSA;10000,00;01;S;00000000
25198332;0001;53;;02;20160713;20160713;8219999;CENTRO;5315;Santo Antônio do Monte;25.198.332 FABRICIO FERNANDES DO COUTO;10000,00;01;S;20250101
25363766;0001;61;;08;20161231;20160803;9492800;CENTRO;5315;Santo Antônio do Monte;ELEICAO 2016 WAGNER APARECIDO DO COUTO VEREADOR;0,00;05;;
25363853;0001;19;;08;20161231;20160803;9492800;CENTRO;5315;Santo Antônio do Monte;ELEICAO 2016 VALDEMIR ADENILSON DE LIMA VEREADOR;0,00;05;;
25365337;0001;23;;08;20161231;20160803;9492800;CENTRO;5315;Santo Antônio do Monte;ELEICAO 2016 ODILON FERREIRA DOS SANTOS JUNIOR VEREADOR;0,00;05;;
25380060;0001;08;;08;20161231;20160804;9492800;CENTRO;5315;Santo Antônio do Monte;ELEICAO 2016 VALDECI AMARO DO COUTO VICE-PREFEITO;0,00;05;;
25699061;0001;10;;08;20161231;20160815;9492800;CENTRO;5315;Santo Antônio do Monte;ELEICAO 2016 ADAILTON DE SOUZA AVELINO VEREADOR;0,00;05;;
25703788;0001;23;;08;20161231;20160815;9492800;BREJINHO;5315;Santo Antônio do Monte;ELEICAO 2016 JOSE APARECIDO DO COUTO VEREADOR;0,00;05;;
25704210;0001;91;;08;20161231;20160815;9492800;CENTRO;5315;Santo Antônio do Monte;ELEICAO 2016 SILVIO FERREIRA DE CARVALHO VEREADOR;0,00;05;;
17738607;0001;76;LUCA D'VALLE COSMETICOS;08;20240923;20130313;2063100;CENTRO;5315;Santo Antônio do Monte;FLAVIO LUCAS RIBEIRO DO VALLE;30000,00;01;N;00000000
25705797;0001;53;;08;20161231;20160815;9492800;AGUA PARADA;5315;Santo Antônio do Monte;ELEICAO 2016 MARIA ELIZABET SILVA BELLI VEREADOR;0,00;05;;
26462607;0001;87;;02;20161101;20161101;4399103;FERNANDO CORTES;5315;Santo Antônio do Monte;26.462.607 ANSELMO DE PAULA COUTINHO;20000,00;01;S;20161101
27536967;0001;49;CELEBRIDADE ROSA;08;20190815;20170416;7319003;Boca da onca;5315;Santo Antônio do Monte;FERNANDA DO COUTO MIRA 14318991601;1,00;01;N;20170416
29993697;0001;20;;02;20180321;20180321;4789005;BREJINHO;5315;Santo Antônio do Monte;ROBERTO SIMOES BARRETO 69415340606;3000,00;01;S;20180321
35868245;0001;10;;02;20191231;20191231;4781400;SENADOR JOSE BENTO;5315;Santo Antônio do Monte;35.868.245 MARIA RENATA FERNANDES;10000,00;01;N;20191231
22967232;0002;37;WEG MINERACAO;02;20200403;20200403;0723501;ZONA RURAL;5315;Santo Antônio do Monte;WEG MINERACAO LTDA;20000,00;01;N;00000000
37778603;0001;29;JHOSE ANGELO BELLI;08;20210228;20200720;4930201;PONTE NOVA;5315;Santo Antônio do Monte;JHOSE ANGELO BELLI 14153208612;5000,00;01;N;20200720
39114159;0001;72;;08;20210228;20200926;9492800;CENTRO;5315;Santo Antônio do Monte;ELEICAO 2020 CARLOS ALBERTO TIRELLI VEREADOR;0,00;05;;
42063506;0001;90;;02;20210524;20210524;2330399;BOCA DA ONCA;5315;Santo Antônio do Monte;EDIMILSON AMARO DO COUTO 00276969600;10000,00;01;S;20210524
44977658;0001;23;;02;20220124;20220124;4930202;CENTRO;5315;Santo Antônio do Monte;ADELSON GONCALVES 09632874609;10000,00;01;N;20220124
45606821;0001;04;;04;20240827;20220310;1412601;SENADOR JOSE BENTO;5315;Santo Antônio do Monte;45.606.821 VERA LUCIA DE SOUZA AVELINO;1000,00;01;S;20220310
49755992;0001;56;;08;20231212;20230301;5611205;SENADOR JOSE BENTO;5315;Santo Antônio do Monte;49.755.992 NICOLE GONCALVES DA SILVA;5000,00;01;N;20230301
55217029;0001;11;;02;20240521;20240521;0322104;CHACARA BOLINHA;5315;Santo Antônio do Monte;55.217.029 CARLOS ALBERTO TIRELLI;10000,00;01;S;20240521
56623271;0001;58;;08;20241231;20240813;9492800;AGUA PARADA;5315;Santo Antônio do Monte;ELEICAO 2024 MARIA VALDERENE FERNANDES FERREIRA VEREADOR;0,00;05;;
56627669;0001;62;;08;20241231;20240813;9492800;BREJINHO;5315;Santo Antônio do Monte;ELEICAO 2024 AUREA COUTINHO DE SOUZA VEREADOR;0,00;05;;
56915936;0001;05;;02;20240819;20240819;2542000;AGUA PARADA;5315;Santo Antônio do Monte;56.915.936 JOSE LUIZ FERREIRA;5000,00;01;S;20240819
57317986;0001;45;;02;20240917;20240917;4692300;CENTRO;5315;Santo Antônio do Monte;CASA DE RACOES SAO BENTO LTDA;30000,00;03;N;00000000
57423421;0001;42;ALEXANDRO MORAIS;02;20240925;20240925;5911199;ZONA RURAL;5315;Santo Antônio do Monte;ALEXANDRO ROBERTO MORAIS LTDA;15000,00;01;S;00000000
60249983;0001;26;;02;20250404;20250404;5320202;BREJINHO;5315;Santo Antônio do Monte;60.249.983 JUNIEL UEBERTON DOS REIS;1000,00;01;S;20250404
62194538;0001;31;;02;20250812;20250812;8712300;SENADOR JOSE BENTO;5315;Santo Antônio do Monte;62.194.538 MARIA IMACULADA DA SILVA FERNANDES;5000,00;01;S;20250812
63017212;0001;00;;02;20251002;20251002;4644301;CENTRO;5315;Santo Antônio do Monte;ABL DISTRIBUIDORA MEDICAMENTOS E CORRELATOS LTDA;100000,00;03;;
04944605;0001;91;CAFE SANTO ANTONIO;08;20181122;20020319;1081301;CENTRO;5315;Santo Antônio do Monte;LAERCIO INACIO FERNANDES;40000,00;01;N;00000000
01804291;0001;33;BAZAR NEWS;08;20150209;19970428;4781400;CENTRO;5315;Santo Antônio do Monte;FRANCISCA INACIO DA SILVA;0,00;01;N;00000000
01812921;0001;11;DELARI CONFECCOES;08;20081231;19970430;1412601;CENTRO;5315;Santo Antônio do Monte;IZABEL DE FATIMA DE OLIVEIRA;0,00;01;;
00394345;0001;77;;02;20051103;19950112;9602501;CENTRO;5315;Santo Antônio do Monte;IZABEL HELENA CANADAS PEREIRA;1000,00;01;S;20130101
05819055;0001;41;JANINHA DRINKS;04;20210331;20030814;5611204;BREJINHO;5315;Santo Antônio do Monte;ALEXANDRA KARINA DA ROCHA;0,00;01;S;00000000
19339258;0001;45;;08;20000225;19761221;8888888;MARIANOS;5315;Santo Antônio do Monte;OLARIA BOA ESPERANCA LTDA;0,00;05;;
06825751;0001;23;;08;20041231;20040728;9492800;B P NOVA;5315;Santo Antônio do Monte;ELEICOES 2004 - MURILO CARVALHO DOS REIS - VEREADOR;0,00;05;;
06844172;0001;28;;08;20041231;20040728;9492800;;5315;Santo Antônio do Monte;ELEICOES 2004 - RITA DE CASSIA PAIVA SOUZA - VEREADOR;0,00;05;;
38463600;0001;69;;08;20081231;19900418;5611203;CENTRO;5315;Santo Antônio do Monte;JOSE ANTONIO JUVENAL;0,00;05;;
04758287;0001;74;JANES DRINKS;08;20020822;20011113;5611203;BAIRRO DO BREJINHO;5315;Santo Antônio do Monte;ANTONIO AVELINO DO CARMO;0,00;05;;
21570858;0001;61;AUTO POSTO FERREIRA;08;19900522;19851101;4731800;CENTRO;5315;Santo Antônio do Monte;REINALDO DA COSTA FERREIRA;0,00;05;;
21573548;0001;09;SERRARIA NICE;08;20081231;19851104;8888888;CENTRO;5315;Santo Antônio do Monte;LEONICE MARANGONI VIEIRA;0,00;05;;
21694831;0001;80;OLARIA SILVA;08;20081231;19800806;8888888;CORREGO DO ENGENHO;5315;Santo Antônio do Monte;MOACIR JUNQUEIRA E SILVA;0,00;05;;
41779943;0001;41;;08;20150209;19920807;9492800;CENTRO;5315;Santo Antônio do Monte;PARTIDO LIBERAL PL SENADOR JOSE BENTO;0,00;05;;
25496977;0001;72;MERCEARIA VITORINHA;08;19881222;19881129;8888888;CENTRO;5315;Santo Antônio do Monte;LAZARO LUCIANO GOMES;0,00;05;;
66316969;0001;84;;08;20021219;19910730;5611203;TRES BARRAS;5315;Santo Antônio do Monte;NAIR DE JESUS DE PAULA;0,00;01;;
02402893;0001;27;;04;20190123;19980216;4120400;CENTRO;5315;Santo Antônio do Monte;CONSTRUTORA F. SOUZA LTDA;0,00;01;;
04003597;0001;89;DIVERSOES RUDINICK;02;20051103;20000810;1629301;PONTE NOVA;5315;Santo Antônio do Monte;JOSE DONIZETI DO COUTO SILVEIRA & CIA LTDA;0,00;01;S;00000000
06270618;0001;58;;02;20220617;20040510;9430800;CENTRO;5315;Santo Antônio do Monte;ASSOCICAO COMUNITARIA SENADORENSE;0,00;05;;
42802199;0001;11;CASA DE CARNE SAO JORGE;08;20081231;19920615;4722901;CENTRO;5315;Santo Antônio do Monte;ANTONIO JANUARIO DE AZEVEDO;0,00;05;;
17935503;0001;51;;08;20000225;19731018;8888888;DA PONTE NOVA;5315;Santo Antônio do Monte;IRACY DE PAULA;0,00;05;;
15854129;0001;34;;08;20121231;20120703;9492800;CENTRO;5315;Santo Antônio do Monte;ELEICAO 2012 JOSE TEIXEIRA DE ARAUJO VEREADOR;0,00;05;;
09465750;0001;03;DEMOCRATAS - DEM;08;20220427;20071020;9492800;CENTRO;5315;Santo Antônio do Monte;DIRECAO MUNICIPAL DO DEMOCRATAS - DEM DE SENADOR JOSE BENTO;0,00;05;;
20264638;0001;47;;08;20180201;20140516;4781400;Centro;5315;Santo Antônio do Monte;WANDERLEI LOPES FERREIRA 17736619816;5000,00;01;N;20140516
09689929;0001;44;;08;20081231;20080704;9492800;CENTRO;5315;Santo Antônio do Monte;ELEICAO 2008 DAVI TADEU ALMEIDA VEREADOR;0,00;05;;
11416025;0001;97;;08;20220621;20091221;4744099;CENTRO;5315;Santo Antônio do Monte;DIEGO JOSE DA SILVA SA;5000,00;01;N;20180101
17001316;0002;81;;04;20231116;20140606;8599601;CENTRO;5315;Santo Antônio do Monte;PREFERENCIAL CENTRO DE FORMACAO DE CONDUTORES LTDA;80000,00;01;N;00000000
15940215;0001;60;;08;20121231;20120705;9492800;CENTRO;5315;Santo Antônio do Monte;ELEICAO 2012 LINEU COSTA DIAS FILHO VEREADOR;0,00;05;;
15943474;0001;44;;08;20121231;20120705;9492800;CENTRO;5315;Santo Antônio do Monte;ELEICAO 2012 FLAVIO HENRIQUE DE MELO VEREADOR;0,00;05;;
15985072;0001;02;;08;20121231;20120705;9492800;CENTRO;5315;Santo Antônio do Monte;ELEICAO 2012 VERA LUCIA DE SOUZA AVELINO VEREADOR;0,00;05;;
17643501;0001;99;;02;20130226;20130226;5611204;CENTRO;5315;Santo Antônio do Monte;OLIVEIRA AMARO DE SOUZA 79958257653;5000,00;01;S;20130226
24208854;0001;26;;08;20250204;20160219;1412601;CENTRO;5315;Santo Antônio do Monte;ELANIA APARECIDA DE PADUA 98458507668;2000,00;01;N;20160219
25365228;0001;06;;08;20161231;20160803;9492800;CENTRO;5315;Santo Antônio do Monte;ELEICAO 2016 FERNANDO CESAR FERNANDES PREFEITO;0,00;05;;
25697227;0001;69;;08;20161231;20160815;9492800;CENTRO;5315;Santo Antônio do Monte;ELEICAO 2016 MARCELO AUGUSTO LIBANIO GOMES VICE-PREFEITO;0,00;05;;
26947940;0001;86;ONE FIT;08;20190704;20170125;9313100;CENTRO;5315;Santo Antônio do Monte;LUAN DE FIGUEIREDO ROSA 11162373695;10000,00;01;N;20170125
30835024;0001;21;EMPORIO JUNQUEIRA;02;20180703;20180703;5611201;MARIANOS;5315;Santo Antônio do Monte;MARIUS SILVEIRA JUNQUEIRA;30000,00;03;N;00000000
31437030;0001;93;IND. E COM. DE BATATA PALHA IRMAOS MORAES;02;20180905;20180905;4639701;BOCA DA ONCA;5315;Santo Antônio do Monte;CARLOS LUCIANO;20000,00;01;N;00000000
03561725;0002;28;;08;20190905;20181108;1092900;CENTRO;5315;Santo Antônio do Monte;BOLACHAS TITITI LTDA.;15000,00;01;S;00000000
38861443;0001;40;;08;20210228;20200924;9492800;CENTRO;5315;Santo Antônio do Monte;ELEICAO 2020 WAGNER APARECIDO DO COUTO VEREADOR;0,00;05;;
38870642;0001;14;;08;20210228;20200924;9492800;CENTRO;5315;Santo Antônio do Monte;ELEICAO 2020 ALEXANDRE FERNANDES VEREADOR;0,00;05;;
38871485;0001;61;;08;20210228;20200924;9492800;CENTRO;5315;Santo Antônio do Monte;ELEICAO 2020 VANDERLEIA DIONISIO E SILVA VEREADOR;0,00;05;;
38951333;0001;79;;08;20210228;20200925;9492800;CENTRO;5315;Santo Antônio do Monte;ELEICAO 2020 OSMILDO CAETANO VEREADOR;0,00;05;;
28023899;0001;87;;02;20170622;20170622;9602501;CENTRO;5315;Santo Antônio do Monte;DULCINEIA DE JESUS SILVA SANTOS 08049073661;2000,00;01;S;20170622
47299692;0001;84;;02;20220726;20220726;5611205;SENADOR JOSE BENTO;5315;Santo Antônio do Monte;LUAN WILLIAN PEREIRA FLAUZINO 16855413641;1000,00;01;S;20220726
45399338;0002;87;CITY PLASTICO E ACO;04;20240816;20230427;4685100;CENTRO;5315;Santo Antônio do Monte;CITY PLASTICO E ACO  LTDA;10000,00;01;N;00000000
51612284;0001;08;;08;20231224;20230730;0161003;SENADOR JOSE BENTO;5315;Santo Antônio do Monte;51.612.284 ERLON MESSIAS BRANDAO;1000,00;01;N;20230730
53159147;0001;95;;02;20231211;20231211;4930202;AGUA PARADA;5315;Santo Antônio do Monte;53.159.147 MESSIAS JUNIOR PEREIRA;5000,00;01;S;20231211
50526637;0002;75;ESPERANCA COMERCIAL E IMPORTADORA;02;20231221;20231221;4685100;CENTRO;5315;Santo Antônio do Monte;ESPERANCA COMERCIAL E IMPORTADORA LTDA;500000,00;01;;
55236110;0001;49;VIA CASTELLE;08;20240924;20240522;5611201;MARIANOS;5315;Santo Antônio do Monte;RESTAURANTE E PIZZARIA VIA CASTELLE LTDA;20000,00;01;N;00000000
56631256;0001;51;;08;20241231;20240813;9492800;CENTRO;5315;Santo Antônio do Monte;ELEICAO 2024 VALDECI AMARO DO COUTO VEREADOR;0,00;05;;
56631647;0001;76;;08;20241231;20240813;9492800;CENTRO;5315;Santo Antônio do Monte;ELEICAO 2024 ALEXANDRE FERNANDES VEREADOR;0,00;05;;
56815078;0001;19;;08;20241231;20240815;9492800;CENTRO;5315;Santo Antônio do Monte;ELEICAO 2024 CARLOS AUGUSTO DOS SANTOS VEREADOR;0,00;05;;
56822369;0001;34;;08;20241231;20240815;9492800;CENTRO;5315;Santo Antônio do Monte;ELEICAO 2024 TACIANA SOUZA DE MELLO VEREADOR;0,00;05;;
57192629;0001;06;;02;20240906;20240906;1096100;SENADOR JOSE BENTO;5315;Santo Antônio do Monte;57.192.629 ELAINE EUNICE RIBEIRO MOREIRA;1000,00;01;S;20240906
57583504;0001;07;REFUGIO ALMA MINEIRA;02;20241007;20241007;5611201;AGUA PARADA;5315;Santo Antônio do Monte;REFUGIO ALMA MINEIRA LTDA;100000,00;01;S;00000000
61270483;0001;39;;02;20250611;20250611;1065101;TRES BARRAS;5315;Santo Antônio do Monte;61.270.483 JOAO PEDRO GOMES JUNQUEIRA;5000,00;01;S;20250611
63015241;0001;24;;02;20251002;20251002;9602501;CENTRO;5315;Santo Antônio do Monte;63.015.241 ADRIAM ALMEIDA MARTINS;10000,00;01;S;20251002
02097649;0001;06;PADARIA DO ZEZINHO;08;20081128;19970908;1091101;CENTRO;5315;Santo Antônio do Monte;JOSE LEMES DE SA;0,00;01;N;00000000
17932245;0004;00;ASSEMBLEIA DE DEUS;02;20051103;19800424;9491000;CENTRO;5315;Santo Antônio do Monte;IGREJA EVANGELICA ASSEMBLEIA DE DEUS;0,00;05;;
00924584;0001;91;AGROPECUARIA LIMA;08;20150209;19951122;4774100;CENTRO;5315;Santo Antônio do Monte;BENEDITO DONIZETE DE LIMA;0,00;05;N;00000000
17603127;0001;06;POSTO DE MEDICAMENTOS COBRA;08;19830518;19821026;8888888;CENTRO;5315;Santo Antônio do Monte;LUIZ CARLOS COBRA;0,00;05;;
17935438;0001;64;ALAMBIQUE SAO JOAQUIM;08;20081231;19720605;8888888;DO CERVO;5315;Santo Antônio do Monte;JOAQUIM DE SOUZA COSTA;0,00;05;;
18675926;0001;42;SENADOR JOSE BENTO GAB PREFEITO;02;20051028;19741219;8411600;CENTRO;5315;Santo Antônio do Monte;MUNICIPIO DE SENADOR JOSE BENTO;0,00;05;;
06814849;0001;85;;08;20041231;20040728;9492800;CENTRO;5315;Santo Antônio do Monte;ELEICOES 2004 CF - SENADOR JOSE BENTO - MG - COMITE FINANC MUN UNICO - PFL;0,00;05;;
06825743;0001;87;;08;20041231;20040728;9492800;;5315;Santo Antônio do Monte;ELEICOES 2004 - EVANDIL DEMETRIO DA FRAGA - VICE PREFEITO;0,00;05;;
06845199;0001;35;;08;20041231;20040728;9492800;CENTRO;5315;Santo Antônio do Monte;ELEICOES 2004 - HELTON DONATO DOS SANTOS SOUZA - VEREADOR;0,00;05;;
20399853;0001;55;BAR PONTE NOVA;08;19790101;19781020;5611203;PONTE NOVA;5315;Santo Antônio do Monte;JOSE DIVINO EVARISTO PINTO;0,00;05;;
01389432;0001;07;PMDB;08;20081231;19960822;9492800;SEDE;5315;Santo Antônio do Monte;DIRETORIO MUNIC DO PART DO MOVIMENTO DEM BRASILEIRO;0,00;05;;
22746986;0001;86;;08;20000225;19870330;4722901;CENTRO;5315;Santo Antônio do Monte;SILVIO LEMES DA SILVA;0,00;01;;
23944325;0001;28;;08;19901026;19820601;5611203;DAS TRES BARRAS;5315;Santo Antônio do Monte;ERNESTO PEREIRA DE SOUZA;0,00;05;;
26089565;0001;80;SERRARIA ANSORGE'S;08;20081231;19890921;1610203;CENTRO;5315;Santo Antônio do Monte;CREUSA MORAIS FRANCO ANSORGE;0,00;01;;
26330738;0001;00;;08;20081231;19900101;5611203;AGUA PARADA;5315;Santo Antônio do Monte;GERSON SEVERINO DA SILVA;0,00;05;;
64379639;0001;02;BAZAR SAO JOSE;08;20081231;19901113;4781400;CENTRO;5315;Santo Antônio do Monte;SOLANGE INACIO CARNEIRO;0,00;05;;
07755917;0001;45;;08;20250717;20051212;5611201;ZONA RURAL;5315;Santo Antônio do Monte;POUSADA VALE DAS MONTANHAS LTDA;8000,00;01;N;00000000
09693117;0001;72;;08;20081231;20080704;9492800;CENTRO;5315;Santo Antônio do Monte;ELEICAO 2008 PATRICIA RIGOTTI JUNQUEIRA VEREADOR;0,00;05;;
09929518;0001;89;;08;20081231;20080709;9492800;CENTRO;5315;Santo Antônio do Monte;ELEICAO 2008 LINEU COSTA DIAS FILHO VEREADOR;0,00;05;;
10037123;0001;50;;08;20081231;20080709;9492800;CENTRO;5315;Santo Antônio do Monte;ELEICAO 2008 JOAO AMARO DO COUTO PREFEITO;0,00;05;;
10059668;0001;68;;08;20081231;20080709;9492800;CENTRO;5315;Santo Antônio do Monte;ELEICAO 2008 JOSE NOEL FERNANDES VEREADOR;0,00;05;;
10068490;0001;11;;08;20081231;20080709;9492800;BREJINHO;5315;Santo Antônio do Monte;ELEICAO 2008 RUBENS PEREIRA MARTINEZ VICE-PREFEITO;0,00;05;;
10088118;0001;77;;08;20081231;20080709;9492800;CENTRO;5315;Santo Antônio do Monte;ELEICAO 2008 BENEDITO DONIZETE DE LIMA VEREADOR;0,00;05;;
12530400;0001;98;FUNDO MUNICIPAL DE SAUDE;02;19920302;19920302;8411600;CENTRO;5315;Santo Antônio do Monte;FUNDO MUNICIPAL DE SAUDE DE SENADOR JOSE BENTO;0,00;05;;
13496028;0001;03;;02;20110411;20110411;1091101;CENTRO;5315;Santo Antônio do Monte;13.496.028 ELIZANGELA DOS SANTOS SILVA;20000,00;01;S;20240101
15859301;0001;42;;08;20121231;20120703;9492800;CENTRO;5315;Santo Antônio do Monte;ELEICAO 2012 VANDERLEIA DIONISIO E SILVA VEREADOR;0,00;05;;
15980416;0001;90;;08;20121231;20120705;9492800;CENTRO;5315;Santo Antônio do Monte;ELEICAO 2012 JOENIR RODRIGUES DA SILVA VEREADOR;0,00;05;;
16654141;0001;68;;08;20121231;20120807;9492800;CENTRO;5315;Santo Antônio do Monte;ELEICAO 2012 MARLENE SILVEIRA DE OLIVEIRA VEREADOR;0,00;05;;
17896540;0001;06;BAR DO EDVAN;08;20140923;20130409;5611204;CENTRO;5315;Santo Antônio do Monte;GEZIELE DE SOUZA JUVENAL 11707875685;5000,00;01;N;20130409
15979075;0001;33;;08;20121231;20120705;9492800;CENTRO;5315;Santo Antônio do Monte;ELEICAO 2012 ANTONIO MOREIRA VEREADOR;0,00;05;;
17556161;0001;69;;08;20130917;20130208;4399103;AGUA PARADA;5315;Santo Antônio do Monte;PAULO CESAR DO COUTO 00997184647;1000,00;01;N;20130208
23715479;0001;48;DISTRIBUIDORA VALE VERDE;08;20220510;20151123;4724500;AGUA PARADA;5315;Santo Antônio do Monte;BRUNO DO COUTO 09235652642;5000,00;01;N;20151123
25364150;0001;05;;08;20161231;20160803;9492800;CENTRO;5315;Santo Antônio do Monte;ELEICAO 2016 EDVAN PEREIRA DE MATOS VEREADOR;0,00;05;;
25364744;0001;16;;08;20161231;20160803;9492800;CENTRO;5315;Santo Antônio do Monte;ELEICAO 2016 JOSE AUGUSTO NETO VEREADOR;0,00;05;;
25698955;0001;95;;08;20161231;20160815;9492800;MARIANOS;5315;Santo Antônio do Monte;ELEICAO 2016 MARCELO EVARISTO PINTO VEREADOR;0,00;05;;
25704694;0001;79;;08;20161231;20160815;9492800;CENTRO;5315;Santo Antônio do Monte;ELEICAO 2016 ANDREIA REGINA INACIO MEIRA PREFEITO;0,00;05;;
25365634;0001;79;;08;20161231;20160803;9492800;CENTRO;5315;Santo Antônio do Monte;ELEICAO 2016 VANDERLEIA DIONISIO E SILVA VEREADOR;0,00;05;;
09689292;0001;96;;08;20081231;20080704;9492800;CENTRO;5315;Santo Antônio do Monte;ELEICAO 2008 AMAURI QUITTO VEREADOR;0,00;05;;
15848019;0001;60;;08;20121231;20120703;9492800;CENTRO;5315;Santo Antônio do Monte;ELEICAO 2012 VANESSA APARECIDA VIEIRA VEREADOR;0,00;05;;
28150510;0001;64;POLVILHO VITORIA;08;20230825;20170711;1065101;AGUA PARADA;5315;Santo Antônio do Monte;MESSIAS JUNIOR PEREIRA 11710523670;15000,00;01;N;20170711
15381713;0003;81;;02;20181108;20181108;0810006;AGUA PARADA;5315;Santo Antônio do Monte;FRANCISCO CARLOS PEREIRA & CIA LTDA;20000,00;01;S;00000000
38372434;0001;95;;02;20200908;20200908;4781400;AGUA PARADA;5315;Santo Antônio do Monte;ALESSANDRA MOREIRA DA COSTA EPIFANE 12896701613;3000,00;01;S;20200908
38868375;0001;40;;08;20210228;20200924;9492800;CENTRO;5315;Santo Antônio do Monte;ELEICAO 2020 ANTONIO DONIZETTE FERNANDES VEREADOR;0,00;05;;
38877853;0001;89;;08;20210228;20200924;9492800;CENTRO;5315;Santo Antônio do Monte;ELEICAO 2020 LEANDRO PEREIRA CARVALHO VEREADOR;0,00;05;;
39124012;0001;63;;08;20210228;20200926;9492800;CENTRO;5315;Santo Antônio do Monte;ELEICAO 2020 JACKELINE BARBOSA DO COUTO SOUZA VEREADOR;0,00;05;;
39181377;0001;20;;08;20210228;20200928;9492800;CENTRO;5315;Santo Antônio do Monte;ELEICAO 2020 ROBSON JOSE DOS SANTOS LORETO VEREADOR;0,00;05;;
44933465;0001;70;;02;20220119;20220119;6462000;AGUA PARADA;5315;Santo Antônio do Monte;CHRISTUS GUADALUPE & PASCOAL HOLDING LTDA;10000,00;03;N;00000000
49870155;0001;78;;08;20230502;20230309;8219999;CENTRO;5315;Santo Antônio do Monte;49.870.155 LEONARDO ORLANDO SILVA FERNANDES;1,00;01;N;20230309
51037082;0001;80;;08;20240111;20230614;5611203;CENTRO;5315;Santo Antônio do Monte;51.037.082 EMERSON APARECIDO DE SOUZA;10000,00;01;N;20230614
51642258;0001;22;;08;20240726;20230801;1412602;SENADOR JOSE BENTO;5315;Santo Antônio do Monte;51.642.258 APARECIDA DE CASSIA BERNARDES;1000,00;01;N;20230801
56624409;0001;33;;08;20241231;20240813;9492800;CENTRO;5315;Santo Antônio do Monte;ELEICAO 2024 THIAGO RUBENS MARTYR DA SILVA VEREADOR;0,00;05;;
56627106;0001;74;;08;20241231;20240813;9492800;AGUA PARADA;5315;Santo Antônio do Monte;ELEICAO 2024 SAULO GONCALVES DE CARVALHO FILHO VEREADOR;0,00;05;;
56631247;0001;60;;08;20241231;20240813;9492800;BREJINHO;5315;Santo Antônio do Monte;ELEICAO 2024 FLAVIO PEREIRA DE SOUZA VEREADOR;0,00;05;;
56632975;0001;97;;08;20241231;20240813;9492800;MARIANOS;5315;Santo Antônio do Monte;ELEICAO 2024 VANDERLEIA DIONISIO E SILVA VEREADOR;0,00;05;;
56810743;0001;81;;08;20241231;20240815;9492800;CENTRO;5315;Santo Antônio do Monte;ELEICAO 2024 WILSON AUGUSTO DE MIRA OLIVEIRA VEREADOR;0,00;05;;
56828816;0001;62;;08;20241231;20240815;9492800;CENTRO;5315;Santo Antônio do Monte;ELEICAO 2024 ENRIQUE DEMETRIO FRAGA VEREADOR;0,00;05;;
58068403;0001;52;;02;20241112;20241112;4781400;CENTRO;5315;Santo Antônio do Monte;58.068.403 WALQUIRIA APARECIDA DE LIMA;20000,00;01;S;20241112
58514946;0001;56;;02;20241219;20241219;4724500;CENTRO;5315;Santo Antônio do Monte;COMERCIAL FORTE FRITAS LTDA;60000,00;01;N;00000000
44107833;0001;21;SUPERMERCADO MELHOR PRECO;02;20211103;20211103;4712100;CENTRO;5315;Santo Antônio do Monte;SUPERMERCADO MELHOR PRECO LTDA;50000,00;03;S;00000000
59296411;0001;19;;08;20250505;20250205;1622699;BOCA DA ONCA;5315;Santo Antônio do Monte;59.296.411 ARNALDO ALVES DE MIRA;10000,00;01;N;20250205
62400600;0001;02;;02;20250826;20250826;4729699;SENADOR JOSE BENTO;5315;Santo Antônio do Monte;62.400.600 PAMELA DA SILVA PEREIRA;12000,00;01;S;20250826
05010307;0001;97;BATATA PALHA D'MINAS;02;20030913;20020403;1032599;CENTRO;5315;Santo Antônio do Monte;JEREMIAS CANDIDO FERREIRA;0,00;01;N;00000000
02525002;0001;20;G.M. ELETRICA E HIDRAULICA MAYA;08;20081128;19980424;4744001;CENTRO;5315;Santo Antônio do Monte;SANDRA MARIA DE MELO MARQUES NUNES;0,00;01;;
06020175;0001;47;PRONA SENADOR JOSE BENTO;02;20250105;20030804;9492800;CENTRO;5315;Santo Antônio do Monte;PARTIDO DA REEDIFICACAO DA ORDEM NACIONAL DE SENADOR JOSE BENTO - MG;0,00;05;;
19260603;0001;50;;08;19860711;19840323;8888888;CENTRO;5315;Santo Antônio do Monte;SERRARIA J G LTDA;0,00;05;;
06839092;0001;84;;08;20041231;20040728;9492800;B PONTE NOVA;5315;Santo Antônio do Monte;ELEICOES 2004 - RITA DE CASSIA SILVA - VEREADOR;0,00;05;;
06853123;0001;51;;08;20041231;20040728;9492800;;5315;Santo Antônio do Monte;ELEICOES 2004 CF - SENADOR JOSE BENTO - MG - COMITE FINANC MUN UNICO - PL;0,00;05;;
21004205;0001;15;;08;19940224;19850816;5611203;CENTRO;5315;Santo Antônio do Monte;ORESTIO FLORIANO DE SA;0,00;05;;
21668918;0001;83;;08;19860623;19851125;8888888;CENTRO;5315;Santo Antônio do Monte;AUTO POSTO AMARO LTDA;0,00;05;;
22748115;0001;00;;08;20081231;19870331;4711301;CENTRO;5315;Santo Antônio do Monte;AGENOR MANOEL LOPES;0,00;05;;
07301791;0001;39;EARO - INDUSTRIA E COMERCIO ALIMENTOS;04;20190123;20050329;1081302;BOCA DA ONCA;5315;Santo Antônio do Monte;EZEQUIEL APARECIDO RODRIGUES DE OLIVEIRA;0,00;01;N;00000000
71367627;0001;23;NIGHT CLUB;04;20210331;19931108;5611203;DO BREJINHO;5315;Santo Antônio do Monte;NESTOR BERGAMASCO;0,00;01;S;00000000
07898662;0001;70;IRMAOS COSTA CANDIDO MATERIAIS P/CONSTRUCAO;04;20210331;20060223;4744099;CENTRO;5315;Santo Antônio do Monte;FRANCISNEIDE PEREIRA COSTA CANDIDO;7000,00;01;S;00000000
21493432;0001;51;;08;20081231;19850909;5611203;CENTRO;5315;Santo Antônio do Monte;FRANCISCO JOSE DOS SANTOS;0,00;05;;
06887144;0001;98;SANTA CLARA AUTO POSTO;02;20051103;20040803;4731800;CENTRO;5315;Santo Antônio do Monte;SANTA CLARA AUTO POSTO MC LTDA;40000,00;03;;
04785088;0001;55;BAR DO CEZAR;08;20150209;20011129;5611203;CENTRO;5315;Santo Antônio do Monte;JULIO CEZAR DA SILVA;0,00;05;N;00000000
71339154;0001;50;CONG JEANS;04;20210331;19930817;1412601;CENTRO;5315;Santo Antônio do Monte;S.J.B.CONFECCOES, COMERCIO E PRESTACAO DE SERVICOS LTDA;40000,00;01;S;00000000
61079117;0137;70;;08;20021120;19910529;1531901;CENTRO;5315;Santo Antônio do Monte;ALPARGATAS S.A.;3088257381,33;05;;
09695145;0001;29;;08;20081231;20080704;9492800;CENTRO;5315;Santo Antônio do Monte;ELEICAO 2008 NELSON INACIO FERNANDES VEREADOR;0,00;05;;
10059669;0001;02;;08;20081231;20080709;9492800;CENTRO;5315;Santo Antônio do Monte;ELEICAO 2008 LAERCIO INACIO FERNANDES VEREADOR;0,00;05;;
10182513;0001;14;;08;20081231;20080718;9492800;CENTRO;5315;Santo Antônio do Monte;ELEICAO 2008 COMITE FINANCEIRO MUNICIPAL UNICO MG PR;0,00;05;;
10184988;0001;40;;08;20081231;20080718;9492800;CENTRO;5315;Santo Antônio do Monte;ELEICAO 2008 COMITE FINANCEIRO MUNICIPAL UNICO MG PMDB;0,00;05;;
15058933;0001;07;;02;20120215;20120215;5611204;AGUA PARADA;5315;Santo Antônio do Monte;GILSEL ROSENDO DE SOUZA 24771699801;1000,00;01;S;20120215
15850412;0001;98;;08;20121231;20120703;9492800;CENTRO;5315;Santo Antônio do Monte;ELEICAO 2012 JOSE PESSOA NOBRE NETO VEREADOR;0,00;05;;
15941268;0001;03;;08;20121231;20120705;9492800;CENTRO;5315;Santo Antônio do Monte;ELEICAO 2012 JOSE MARIA DOS SANTOS VEREADOR;0,00;05;;
15983672;0001;31;;08;20121231;20120705;9492800;CENTRO;5315;Santo Antônio do Monte;ELEICAO 2012 CESAR CAETANO DE OLIVEIRA VEREADOR;0,00;05;;
16400309;0001;09;;08;20121231;20120710;9492800;POUSO FRIO;5315;Santo Antônio do Monte;ELEICAO 2012 COMITE FINANCEIRO MG PARA VEREADOR PSD SENADOR JOSE BENTO;0,00;05;;
10226651;0001;58;;08;20210301;20080731;7020400;SAN MARINO;5315;Santo Antônio do Monte;EDILICA ASSESSORIA E TREINAMENTOS LTDA;10000,00;01;;
20466567;0001;65;;08;20150720;20140618;6463800;CENTRO;5315;Santo Antônio do Monte;A & F PARTICIPACOES EM INVESTIMENTOS LTDA;1120000,00;05;;
18630918;0001;80;;02;20130710;20130710;6911701;CENTRO;5315;Santo Antônio do Monte;VILELA & SOUZA SOCIEDADE DE ADVOGADOS;10000,00;05;S;00000000
22701836;0001;56;FERREIRA MATERIAIS PARA CONSTRUCAO;08;20200304;20150623;4744099;CENTRO;5315;Santo Antônio do Monte;RODRIGO FERREIRA DOS SANTOS 12258824605;8000,00;01;N;20150623
25364794;0001;01;;08;20161231;20160803;9492800;CENTRO;5315;Santo Antônio do Monte;ELEICAO 2016 LUANA MARIA PEIXOTO ALVES VEREADOR;0,00;05;;
25693183;0001;07;;08;20161231;20160815;9492800;POUSO FRIO;5315;Santo Antônio do Monte;ELEICAO 2016 VALDECI PAULO DOS REIS VEREADOR;0,00;05;;
25703719;0001;10;;08;20161231;20160815;9492800;AGUA PARADA;5315;Santo Antônio do Monte;ELEICAO 2016 CARLOS ALBERTO TIRELLI VEREADOR;0,00;05;;
33622112;0001;33;;04;20220209;20190514;4789005;SENADOR JOSE BENTO;5315;Santo Antônio do Monte;LUZIA FIRMINO ESTEVAO MILEZI 22575026806;5000,00;01;S;20190514
31792430;0001;17;;02;20181018;20181018;4637101;MARIANOS;5315;Santo Antônio do Monte;CAFE SOMBREADO LTDA;60000,00;01;S;00000000
36483005;0001;60;;04;20221121;20200227;2542000;SENADOR JOSE BENTO;5315;Santo Antônio do Monte;THAYNA DE SOUZA AVELINO 11413224636;1000,00;01;S;20200227
38878596;0001;08;;08;20210228;20200924;9492800;CENTRO;5315;Santo Antônio do Monte;ELEICAO 2020 KARINA ROBERTA LOPES VEREADOR;0,00;05;;
38942434;0001;83;;08;20210228;20200925;9492800;CENTRO;5315;Santo Antônio do Monte;ELEICAO 2020 JOAO AVELINO PEREIRA VEREADOR;0,00;05;;
39934738;0001;61;;08;20231025;20201127;5611205;SENADOR JOSE BENTO;5315;Santo Antônio do Monte;CLOVIS FERNANDES DE SOUZA 03789703648;5000,00;01;N;20201127
41384171;0001;49;;08;20250710;20210329;3314711;SENADOR JOSE BENTO;5315;Santo Antônio do Monte;MARLETI DA SILVA 08672645600;10000,00;01;N;20210329
43836257;0001;90;MW BANHEIRAS;08;20240522;20211011;2229303;POUSO FRIO;5315;Santo Antônio do Monte;MW BANHEIRAS LTDA;30000,00;01;N;00000000
50844889;0001;61;PESQUEIRO SAO BENTO;08;20230528;20230527;5611201;AGUA PARADA;5315;Santo Antônio do Monte;50.844.889 JOAO PAULO DIAS TIRELLI;1000,00;01;N;20230527
51269529;0001;46;;02;20230703;20230703;4520005;SENADOR JOSE BENTO;5315;Santo Antônio do Monte;51.269.529 MATHEUS EDUARDO FONSECA PAIS;5000,00;01;S;20230703
56622769;0001;04;;08;20241231;20240813;9492800;POUSO FRIO;5315;Santo Antônio do Monte;ELEICAO 2024 FLAVIO HENRIQUE DE MELO VEREADOR;0,00;05;;
56817060;0001;56;;08;20241231;20240815;9492800;CENTRO;5315;Santo Antônio do Monte;ELEICAO 2024 LUANA MARIA PEIXOTO ALVES VEREADOR;0,00;05;;
56838877;0001;00;;08;20241231;20240815;9492800;CENTRO;5315;Santo Antônio do Monte;ELEICAO 2024 JOSE NOEL FERNANDES VEREADOR;0,00;05;;
56883640;0001;41;;08;20241231;20240816;9492800;CENTRO;5315;Santo Antônio do Monte;ELEICAO 2024 BENUR AMARO DE SOUZA VICE-PREFEITO;0,00;05;;
56893351;0001;23;;08;20250327;20240817;4930202;SENADOR JOSE BENTO;5315;Santo Antônio do Monte;56.893.351 JOAO VITOR AMARO DE SOUZA;2000,00;01;N;20240817
57092104;0001;90;;08;20241231;20240830;9492800;CENTRO;5315;Santo Antônio do Monte;ELEICAO 2024 ODILON FERREIRA DOS SANTOS JUNIOR VEREADOR;0,00;05;;
57953593;0001;28;;08;20251011;20241104;4930202;CENTRO;5315;Santo Antônio do Monte;57.953.593 MARIO LUCIO DE OLIVEIRA;50000,00;01;N;20241104
59614535;0001;03;;02;20250224;20250224;4721103;CENTRO;5315;Santo Antônio do Monte;59.614.535 FERNANDO CESAR FERNANDES;10000,00;01;S;20250224
05267223;0001;33;BAR E RESTAURANTE DO CANTAO;08;20130621;20020909;5611203;CENTRO;5315;Santo Antônio do Monte;LAZARA SEVERINA DE SOUZA;0,00;01;N;00000000
05304206;0001;29;PADARIA E CONFEITARIA SANSAO;03;20080813;20020927;4721102;CENTRO;5315;Santo Antônio do Monte;NESTOR DO COUTO ASSUNCAO;0,00;01;;
04006160;0001;07;PARTIDO DA FRENTE LIBERAL;08;20150209;20000820;9492800;CENTRO;5315;Santo Antônio do Monte;COMISSAO PROVISORIA DO DIRETORIO MUNICIPAL DO PARTIDO DA FRENTE LIBERAL DO MUNICIPIO DE SENADOR JOSE BENTO - MG;0,00;05;;
17298092;0384;56;BEMGE AGENCIA SENADOR JOSE BENTO;08;20040723;19900215;6422100;CENTRO;5315;Santo Antônio do Monte;BANCO ITAU BBA S.A.;1326000000,00;05;;
01017798;0001;47;;08;20150209;19960111;5611203;SEDE;5315;Santo Antônio do Monte;IPE CLUBE LTDA;0,00;05;;
04415156;0001;94;SABOR DE MINAS;08;20221229;20010502;1099699;SAO PEDRO;5315;Santo Antônio do Monte;JOSE REINALDO FRANCO;0,00;05;N;00000000
06814850;0001;00;;08;20041231;20040728;9492800;CENTRO;5315;Santo Antônio do Monte;ELEICOES 2004 CF - SENADOR JOSE BENTO - MG - COMITE FINANC MUN UNICO - PSDB;0,00;05;;
06829710;0001;05;;08;20041231;20040728;9492800;DO BREJINHO;5315;Santo Antônio do Monte;ELEICOES 2004 - JOAO RICIATTI FERNANDES - VEREADOR;0,00;05;;
06843360;0001;31;;08;20041231;20040728;9492800;CENTRO;5315;Santo Antônio do Monte;ELEICOES 2004 - ALEXANDRE FERNANDES - VEREADOR;0,00;05;;
22508147;0001;20;LANCHONETE DO TIO MADO;08;19881103;19861107;5611203;CENTRO;5315;Santo Antônio do Monte;BAR E LANCHONETE AMADO LTDA;0,00;05;;
19861004;0001;92;;08;19850829;19841024;8888888;CENTRO;5315;Santo Antônio do Monte;ANIZIO DIAS DE OLIVEIRA;0,00;05;;
06816795;0001;97;;08;20041231;20040728;9492800;ZONA RURAL;5315;Santo Antônio do Monte;ELEICOES 2004 - WAGNER APARECIDO DO COUTO - VEREADOR;0,00;05;;
42818161;0001;37;;08;20081231;19920624;4712100;AGUA PARADA;5315;Santo Antônio do Monte;LUIZ RITA DE MELO;0,00;05;;
64470032;0001;33;BAR MORAIS;08;19910123;19910123;5611203;ZONA RURAL;5315;Santo Antônio do Monte;AGENOR BERNABE DE MORAIS;0,00;05;;
23207202;0001;04;MARCENARIA D'ARC;08;19880331;19871023;8888888;CENTRO;5315;Santo Antônio do Monte;MARIA ILDA FERNANDES SANCHEZ;0,00;05;;
07565804;0001;87;POUSADA RURAL;02;20050829;20050829;5611203;BAIRRO DA SERRALHA;5315;Santo Antônio do Monte;RAFAELA REY PRADO FERNANDES;0,00;01;S;00000000
09691462;0001;77;;08;20081231;20080704;9492800;CENTRO;5315;Santo Antônio do Monte;ELEICAO 2008 SEBASTIAO CLARET CAETANO VEREADOR;0,00;05;;
34028316;8351;08;AC SENADOR JOSE BENTO;02;20080918;20080918;5310501;CENTRO;5315;Santo Antônio do Monte;EMPRESA BRASILEIRA DE CORREIOS E TELEGRAFOS;3403457702,21;05;;
11078703;0001;59;;04;20210331;20090824;8690999;CENTRO;5315;Santo Antônio do Monte;SERVICOS MEDICOS SILVA E FRANCO LTDA;10000,00;01;N;00000000
11373615;0001;80;ATACADO SENADOR;04;20190123;20091204;4639701;CENTRO;5315;Santo Antônio do Monte;ATACADO SJB LTDA;130000,00;05;;
15679253;0001;00;PMDB DE SENADOR JOSE BENTO;02;20200813;20091124;9492800;CENTRO;5315;Santo Antônio do Monte;DIRETORIO MUNICIPAL DO PMDB DE SENADOR JOSE BENTO;0,00;05;;
15849320;0001;98;;08;20121231;20120703;9492800;CENTRO;5315;Santo Antônio do Monte;ELEICAO 2012 CLAUDIANE FLORIANO PINTO VEREADOR;0,00;05;;
15854924;0001;22;;08;20121231;20120703;9492800;CENTRO;5315;Santo Antônio do Monte;ELEICAO 2012 JOSE ROBERTO MOREIRA VEREADOR;0,00;05;;
15933599;0001;93;;08;20121231;20120705;9492800;CENTRO;5315;Santo Antônio do Monte;ELEICAO 2012 SIRLENE DE PAULA COUTINHO VEREADOR;0,00;05;;
17164116;0001;69;;08;20201029;20121114;4729699;CENTRO;5315;Santo Antônio do Monte;ELEANDRO JOSE DOS SANTOS 04383822690;1,00;01;N;20121114
19279004;0001;89;;04;20210331;20131119;5611204;TRES BARRAS;5315;Santo Antônio do Monte;HELUANA DANIEL DUARTE 10814516610;5000,00;01;S;20131119
19558484;0001;17;SUPERMERCADO O MELHOR PRECO;08;20210705;20140121;4712100;CENTRO;5315;Santo Antônio do Monte;JOAO ANTONIO DE SOUZA FRANCO;20000,00;01;N;00000000
20888896;0001;02;CANTINHO DA CRIANCA;08;20200727;20140822;4729699;CENTRO;5315;Santo Antônio do Monte;MARIA DE FATIMA SILVEIRA 06926813612;2000,00;01;N;20140822
21050183;0001;20;BAR E MERCEARIA SAO JOSE;08;20180201;20140917;4712100;CENTRO;5315;Santo Antônio do Monte;WALDELAINE SOFIA DE LIMA 13452728633;8000,00;01;N;20140917
25365555;0001;68;;08;20161231;20160803;9492800;CENTRO;5315;Santo Antônio do Monte;ELEICAO 2016 RITA DE CASSIA PAIVA SOUZA VEREADOR;0,00;05;;
25693814;0001;80;;08;20161231;20160815;9492800;PONTE NOVA;5315;Santo Antônio do Monte;ELEICAO 2016 CESAR CAETANO DE OLIVEIRA VEREADOR;0,00;05;;
25703249;0001;94;;08;20161231;20160815;9492800;CENTRO;5315;Santo Antônio do Monte;ELEICAO 2016 LENI DE OLIVEIRA TAETS VEREADOR;0,00;05;;
25705080;0001;01;;08;20161231;20160815;9492800;AGUA PARADA;5315;Santo Antônio do Monte;ELEICAO 2016 JOENIR RODRIGUES DA SILVA VEREADOR;0,00;05;;
24100868;0001;21;;02;20160202;20160202;7020400;CENTRO;5315;Santo Antônio do Monte;EFICAZ ASSESSORIA E CONSULTORIA LTDA;10000,00;01;N;00000000
25979358;0001;39;;08;20161231;20160818;9492800;CENTRO;5315;Santo Antônio do Monte;ELEICAO 2016 MARIA DE FATIMA SILVEIRA VEREADOR;0,00;05;;
31267018;0001;88;;08;20200103;20180817;8219999;BARRANCO DA CORUJA;5315;Santo Antônio do Monte;EDMAR DE SOUZA FIGUEIREDO 39694712653;1000,00;01;N;20180817
31813697;0001;43;;04;20210331;20181019;5620102;AREA RURAL;5315;Santo Antônio do Monte;BUFE SILVEIRA LTDA;10000,00;01;S;00000000
34309557;0001;20;OBRA NOVA MATERIAIS PARA CONSTRUCAO;08;20241007;20190724;4744099;SAO FRANCISCO;5315;Santo Antônio do Monte;OBRA NOVA MATERIAIS PARA CONSTRUCAO LTDA;50000,00;03;N;00000000
35054098;0001;44;DELICIAS MINEIRAS ALIMENTOS;08;20230717;20191002;1092900;CENTRO;5315;Santo Antônio do Monte;CLAUDIO ROBERTO MARIANO;50000,00;03;N;00000000
36370256;0001;38;MATOS MOVEIS PLANEJADOS;02;20200213;20200213;3101200;MARIANOS;5315;Santo Antônio do Monte;PEREIRA & MATOS MOVEIS PLANEJADOS LTDA;50000,00;01;S;20200213
38985044;0001;90;;08;20210228;20200926;9492800;CENTRO;5315;Santo Antônio do Monte;ELEICAO 2020 DANIELY DE MIRA LEMES VEREADOR;0,00;05;;
39084780;0001;30;;08;20210228;20200926;9492800;CENTRO;5315;Santo Antônio do Monte;ELEICAO 2020 THIAGO RUBENS MARTYR DA SILVA VEREADOR;0,00;05;;
39184123;0001;65;;08;20210228;20200928;9492800;BAIRRO BOCA DA ONCA;5315;Santo Antônio do Monte;ELEICAO 2020 JOSE PESSOA NOBRE NETO PREFEITO;0,00;05;;
42708913;0001;07;;08;20211103;20210714;4712100;CENTRO;5315;Santo Antônio do Monte;ANA BEATRIZ VIEIRA DE SOUZA;20000,00;03;N;00000000
33526170;0001;63;;02;20190503;20190503;8599699;SENADOR JOSE BENTO;5315;Santo Antônio do Monte;ANA CLAUDIA AQUINO SILVA 09785529622;2000,00;01;S;20190503
45348113;0001;10;;08;20230314;20220218;8599604;SENADOR JOSE BENTO;5315;Santo Antônio do Monte;LAERCIO INACIO FERNANDES 49566580606;10000,00;01;N;20220218
45545989;0001;57;;08;20240103;20220307;5611201;SENADOR JOSE BENTO;5315;Santo Antônio do Monte;MARTA RIBEIRO TAETS SOUZA 49935569691;8000,00;01;N;20220307
47733366;0001;33;;02;20220826;20220826;4520001;SENADOR JOSE BENTO;5315;Santo Antônio do Monte;47.733.366 PAULO SERGIO DE CARVALHO PACHECO;5000,00;01;S;20220826
51195342;0001;45;;02;20230627;20230627;4744002;SENADOR JOSE BENTO;5315;Santo Antônio do Monte;51.195.342 GRACIENE DA SILVA PINTO;20000,00;01;S;20230627
54820486;0001;33;;02;20240421;20240421;4789004;SENADOR JOSE BENTO;5315;Santo Antônio do Monte;54.820.486 JACKELINE DE AZEVEDO DENIZ;10000,00;01;S;20240421
56807818;0001;75;;08;20241231;20240815;9492800;CENTRO;5315;Santo Antônio do Monte;ELEICAO 2024 SUZANA DE AZEVEDO BIRUEL VEREADOR;0,00;05;;
56838502;0001;40;;08;20241231;20240815;9492800;CENTRO;5315;Santo Antônio do Monte;ELEICAO 2024 JOSE EDIO DE OLIVEIRA VEREADOR;0,00;05;;
57325514;0001;34;;02;20240917;20240917;7420001;BREJINHO;5315;Santo Antônio do Monte;57.325.514 GISLENE LEMES DA SILVA;20000,00;01;S;20240917
57658947;0001;01;POUSADA VALE DAS MONTANHAS;02;20241011;20241011;5611201;CORREGO DA ONCA;5315;Santo Antônio do Monte;SALVADOR LUIZ GONZAGA PEREIRA;20000,00;01;S;00000000
59934477;0001;97;;08;20250430;20250317;4691500;CENTRO;5315;Santo Antônio do Monte;DISTRIBUIDORA FORTE PALHAS LTDA;60000,00;01;;
62250107;0001;45;;02;20250815;20250815;4729699;SEVERINOS;5315;Santo Antônio do Monte;62.250.107 HELENO PEREIRA DA SILVA;2000,00;01;S;20250815
62542670;0001;97;SULMINAS;02;20250903;20250903;1032599;SAO PEDRO;5315;Santo Antônio do Monte;BATATA PALHA SULMINAS LTDA;20000,00;03;S;00000000
05198928;0001;46;TS TRANSPORTES;04;20190123;20020723;4632001;CENTRO;5315;Santo Antônio do Monte;WILDINER LOPES DE OLIVEIRA;0,00;01;;
00528204;0001;08;MERCEARIA ALTO ALEGRE;08;20081231;19950405;4712100;CENTRO;5315;Santo Antônio do Monte;ANA CELIA DE OLIVEIRA PASCOAL;0,00;05;;
00611299;0001;10;BAR DOS PEREIRA;08;20150209;19950516;4723700;DO BREJINHO;5315;Santo Antônio do Monte;EDSON PEREIRA DE SOUZA;0,00;05;N;00000000
04452440;0001;30;DOIS IRMAOS;08;20070914;20010521;4712100;CENTRO;5315;Santo Antônio do Monte;SIDINEI AMARO DE SOUZA;0,00;01;N;00000000
01137896;0001;18;SOUZA SHOP;08;19971130;19960411;4744001;CENTRO;5315;Santo Antônio do Monte;VALQUIRIA APARECIDA VIEIRA PINTO;0,00;05;;
19389048;0001;61;MERCEARIA SAO BENTO;08;20081231;19890203;4729601;AGUA PARADA;5315;Santo Antônio do Monte;JOAO SALVADOR DE MELO;0,00;05;;
20399788;0001;68;ARMAZEM SAO LUIZ;08;20081231;19781013;4711301;CENTRO;5315;Santo Antônio do Monte;JOSE PESSOA NOBRE NETO;0,00;05;;
01325525;0001;60;BAR E RESTAURANTE POR DO SOL;08;20150209;19960722;5611203;DO BREJINHO;5315;Santo Antônio do Monte;DANIEL FERNANDES;0,00;05;;
38593745;0001;84;BAR SAO BENEDITO;08;20081231;19900607;5611203;BREJUNHO;5315;Santo Antônio do Monte;PEDRO EVARISTO DE SOUZA;0,00;05;;
86661048;0001;66;BAZAR SAO JOSE;08;20051219;19941025;4781400;CENTRO;5315;Santo Antônio do Monte;MARIA INACIA FERNANDES CARNEIRO;0,00;01;;
08011972;0001;93;IGREJA BATISTA EM SENADOR JOSE BENTO;04;20240827;20060315;9491000;CENTRO;5315;Santo Antônio do Monte;IGREJA BATISTA EM SENADOR JOSE BENTO;0,00;05;;
20497038;0001;29;;08;20081231;19850326;4637101;CENTRO;5315;Santo Antônio do Monte;JUCAFE LTDA;0,00;05;;
20686176;0002;37;;08;20050825;19990709;1539400;CENTRO;5315;Santo Antônio do Monte;FORTIMIX LOCACOES E MARMORARIA LTDA;100000,00;01;S;00000000
25803248;0005;45;;08;20030617;19921217;0893200;ALTO ALEGRE;5315;Santo Antônio do Monte;LIBERDADE MINERADORA LTDA;300000,00;01;S;00000000
00508414;0001;26;TRANSPORTE MM;08;20170114;19950328;4930201;CENTRO;5315;Santo Antônio do Monte;MARIO DE OLIVEIRA;1000,00;01;N;20170101
05975773;0001;07;ACOUGUE SAO PEDRO;08;20181005;20031111;4722901;CENTRO;5315;Santo Antônio do Monte;PEDRO AMARO DE SOUZA 47144580604;8000,00;01;N;20110101
01410882;0002;07;;08;20000215;19970626;8130300;CENTRO;5315;Santo Antônio do Monte;ERNESTO B NETO;50000,00;01;N;00000000
20442901;0002;21;MERCEARIA SILVA;08;19901127;19890223;4712100;CENTRO;5315;Santo Antônio do Monte;NOEL GUEDES DA SILVA;0,00;01;N;00000000
60701190;2460;14;;08;20160919;20040622;6422100;CENTRO;5315;Santo Antônio do Monte;ITAU UNIBANCO S.A.;75385000000,00;05;;
09691487;0001;70;;08;20081231;20080704;9492800;CENTRO;5315;Santo Antônio do Monte;ELEICAO 2008 EDVILSON VILELA FRANCO VICE-PREFEITO;0,00;05;;
09714330;0001;13;;08;20081231;20080704;9492800;CENTRO;5315;Santo Antônio do Monte;ELEICAO 2008 VALDECI AMARO DO COUTO VEREADOR;0,00;05;;
10004982;0001;43;;08;20081231;20080710;9492800;CENTRO;5315;Santo Antônio do Monte;ELEICAO 2008 COMITE FINANCEIRO MUNICIPAL UNICO MG PTB;0,00;05;;
10043542;0001;03;;08;20081231;20080709;9492800;CENTRO;5315;Santo Antônio do Monte;ELEICAO 2008 JOSE RAIMUNDO LUIZ VEREADOR;0,00;05;;
10058638;0001;37;;08;20081231;20080709;9492800;CENTRO;5315;Santo Antônio do Monte;ELEICAO 2008 MARLENE DE SOUZA SILVEIRA VEREADOR;0,00;05;;
10062580;0001;03;;08;20081231;20080709;9492800;CENTRO;5315;Santo Antônio do Monte;ELEICAO 2008 ROMEU DE MATOS FRANCO VEREADOR;0,00;05;;
10689113;0001;08;;02;20090311;20090311;5611204;CENTRO;5315;Santo Antônio do Monte;NESTOR FERNANDES DO COUTO 07755837661;5000,00;01;S;20120101
11382782;0001;97;;02;20091209;20091209;5611203;CENTRO;5315;Santo Antônio do Monte;LEONICI IVANI DIAS;3000,00;01;S;20091209
12394638;0001;33;;08;20180201;20100818;5611201;CENTRO;5315;Santo Antônio do Monte;ROGERIO JOSE DOS SANTOS 05004570698;1,00;01;N;20100818
15008895;0001;88;LOTERCIA SORTE GRANDE;02;20120207;20120207;8299706;CENTRO;5315;Santo Antônio do Monte;VALQUIRIA APARECIDA VIEIRA PINTO & CIA LTDA;30000,00;01;S;00000000
09701303;0001;06;;08;20081231;20080704;9492800;CENTRO;5315;Santo Antônio do Monte;ELEICAO 2008 DEOLINDA NOGUEIRA DOS SANTOS VEREADOR;0,00;05;;
15846141;0001;05;;08;20121231;20120703;9492800;CENTRO;5315;Santo Antônio do Monte;ELEICAO 2012 SEBASTIAO CLARET CAETANO VEREADOR;0,00;05;;
15846153;0001;21;;08;20121231;20120703;9492800;CENTRO;5315;Santo Antônio do Monte;ELEICAO 2012 EDVILSON VILELA FRANCO VICE-PREFEITO;0,00;05;;
15852884;0001;80;;08;20121231;20120703;9492800;CENTRO;5315;Santo Antônio do Monte;ELEICAO 2012 LUANA MARIA PEIXOTO ALVES VEREADOR;0,00;05;;
15858252;0001;23;;08;20121231;20120703;9492800;CENTRO;5315;Santo Antônio do Monte;ELEICAO 2012 ALEXANDRE FERNANDES VEREADOR;0,00;05;;
15968861;0001;35;;08;20121231;20120705;9492800;CENTRO;5315;Santo Antônio do Monte;ELEICAO 2012 JOSE NOEL FERNANDES VEREADOR;0,00;05;;
15971675;0001;55;;08;20121231;20120705;9492800;centro;5315;Santo Antônio do Monte;ELEICAO 2012 JOSE APARECIDO DO COUTO VEREADOR;0,00;05;;
11691517;0001;90;DISTRIBUIDORA SAO MIGUEL;08;20141204;20100316;4672900;TRES BARRAS;5315;Santo Antônio do Monte;ROBERIO DE FREITAS FRANCO;100000,00;01;N;00000000
21250624;0001;37;MC ENXOVAIS;08;20161003;20141017;4755503;Agua parada;5315;Santo Antônio do Monte;LUCAS DIAS VENTURA 07130745665;3000,00;01;N;20141017
22474540;0001;40;;08;20250721;20150519;5611203;MIRANTE;5315;Santo Antônio do Monte;LEVI DE SOUZA FRANCO 02441421816;10000,00;01;N;20150519
25365084;0001;98;;08;20161231;20160803;9492800;CENTRO;5315;Santo Antônio do Monte;ELEICAO 2016 ANTONIO DONIZETTE FERNANDES VEREADOR;0,00;05;;
25698090;0001;67;;08;20161231;20160815;9492800;CENTRO;5315;Santo Antônio do Monte;ELEICAO 2016 ENRIQUE DEMETRIO FRAGA VEREADOR;0,00;05;;
27588098;0001;04;AGROPECUARIA DA CAROL;08;20240520;20170424;4789004;CENTRO;5315;Santo Antônio do Monte;AGROPECUARIA DA CAROL LTDA;30000,00;01;N;20220101
29944353;0001;21;NELSON JUNIOR ASSESSORIA E CONSULTORIA EM SAUDE;02;20230418;20180315;6204000;SERRINHA;5315;Santo Antônio do Monte;NELSON DANIEL DA COSTA JUNIOR;20000,00;01;S;20180315
31759674;0001;06;CIMM PLANEJADOS;02;20181015;20181015;3101200;BOCA DA ONCA;5315;Santo Antônio do Monte;CARLOS E MARIA INDUSTRIA DE MOVEIS PLANEJADOS LTDA;20000,00;01;S;00000000
33604569;0001;15;;04;20221121;20190513;5611203;SENADOR JOSE BENTO;5315;Santo Antônio do Monte;LAURA FERREIRA ANGELI 41369397879;20000,00;01;S;20190513
39127237;0001;73;;08;20210228;20200926;9492800;CENTRO;5315;Santo Antônio do Monte;ELEICAO 2020 CLAUDIANE FLORIANO PINTO VEREADOR;0,00;05;;
66402207;0012;53;SICOOB SAROM;02;20190517;20190517;6424703;CENTRO;5315;Santo Antônio do Monte;COOPERATIVA DE CREDITO SAROM;0,00;05;;
44229955;0001;90;BEAN BELT COFFEES;02;20211112;20211112;4621400;ZONA RURAL;5315;Santo Antônio do Monte;BEAN BELT COFFEES COMERCIO E EXPORTACAO DE CAFE LTDA;80000,00;03;N;00000000
49756917;0001;00;;02;20230301;20230301;5611205;MARIANOS;5315;Santo Antônio do Monte;49.756.917 MATHEUS EDUARDO OLIVEIRA;8000,00;01;S;20230301
50702639;0001;97;;02;20230517;20230517;1111901;CENTRO;5315;Santo Antônio do Monte;CEAP DO BRASIL - INDUSTRIA LTDA;24000,00;01;S;00000000
51798837;0001;69;;02;20230713;20230713;9492800;CENTRO;5315;Santo Antônio do Monte;UNIAO BRASIL - SENADOR JOSE BENTO - MG - MUNICIPAL;0,00;05;;
54090928;0001;33;;02;20240227;20240227;4399103;BREJEIRO;5315;Santo Antônio do Monte;54.090.928 GUARACI PEREIRA DE SOUZA;5000,00;01;S;20240227
55030052;0001;00;;02;20240507;20240507;4723700;CENTRO;5315;Santo Antônio do Monte;55.030.052 JOAO PAULO BIAGIONI;2500,00;01;S;20240507
55962411;0001;50;;02;20240717;20240717;4520001;DOS CORREIAS;5315;Santo Antônio do Monte;55.962.411 JOAO PEDRO PEREIRA SILVA;2000,00;01;S;20240717
56169161;0001;68;;02;20240731;20240731;4321500;POUSO FRIO;5315;Santo Antônio do Monte;JW BANHEIRAS LTDA;5000,00;01;S;00000000
56632909;0001;17;;08;20241231;20240813;9492800;CENTRO;5315;Santo Antônio do Monte;ELEICAO 2024 LEONEL TRENTINI FILHO VEREADOR;0,00;05;;
56633048;0001;91;;08;20241231;20240813;9492800;CENTRO;5315;Santo Antônio do Monte;ELEICAO 2024 ANTONIO CLARET MOREIRA VEREADOR;0,00;05;;
56831253;0001;61;;08;20241231;20240815;9492800;CENTRO;5315;Santo Antônio do Monte;ELEICAO 2024 MARIA SUELI DE PAULA MARTINEZ VEREADOR;0,00;05;;
56832346;0001;00;;08;20241231;20240815;9492800;CENTRO;5315;Santo Antônio do Monte;ELEICAO 2024 JORGE MAIQUI MURILO DA SILVA VEREADOR;0,00;05;;
56849972;0001;00;;08;20241231;20240815;9492800;CENTRO;5315;Santo Antônio do Monte;ELEICAO 2024 NATAN SOUZA SILVA PREFEITO;0,00;05;;
59876956;0001;02;;02;20250313;20250313;5611203;CENTRO;5315;Santo Antônio do Monte;59.876.956 ANDREIA MARIA BRAZIL;10000,00;01;S;20250313
62331110;0001;93;;02;20250821;20250821;6911701;AGUA PARADA;5315;Santo Antônio do Monte;GUSTAVO FELICIO IBA PASCOAL SOCIEDADE INDIVIDUAL DE ADVOCACIA;1000,00;05;S;00000000
00212168;0001;60;FAPEN;02;19980728;19940923;8430200;CENTRO;5315;Santo Antônio do Monte;FUNDO DE APOSENTADORIA E PENSOES DOS SERV MUNICIPAIS;0,00;05;;
05646600;0001;45;CAPELI & CAVALINI;08;20150209;20030507;1340599;CENTRO;5315;Santo Antônio do Monte;IRACY RIBEIRO CAPELI;0,00;05;;
17184201;1154;17;;08;20010803;19910528;6110801;;5315;Santo Antônio do Monte;TELECOMUNICACOES DE MINAS GERAIS S/A TELEMIG;0,00;05;;
17520388;0001;54;LANCHONETE BRANDANI;08;20081231;19820818;5611203;CENTRO;5315;Santo Antônio do Monte;CANFUCHO SERGIO ZAROTTI;0,00;05;;
17935479;0001;50;INDUSTRIA DE ARROZ;08;19810422;19760126;8888888;CENTRO;5315;Santo Antônio do Monte;ANTONIO DA COSTA FERREIRA;0,00;05;;
01260410;0001;34;P S D B;02;20250105;19960619;9492800;CENTRO;5315;Santo Antônio do Monte;DIRETORIO MUNICIPAL DO PARTIDO SOCIAL DEM BRASILEIRA;0,00;05;;
06814848;0001;30;;08;20041231;20040728;9492800;CENTRO;5315;Santo Antônio do Monte;ELEICOES 2004 CF - SENADOR JOSE BENTO - MG - COMITE FINANC MUN UNICO - PTB;0,00;05;;
06831609;0001;99;;08;20041231;20040728;9492800;CENTRO;5315;Santo Antônio do Monte;ELEICOES 2004 - DONIZETE PEREIRA DE ALVARENGA - VEREADOR;0,00;05;;
06831651;0001;00;;08;20041231;20040728;9492800;CENTRO;5315;Santo Antônio do Monte;ELEICOES 2004 - JOSE RAIMUNDO LUIZ - VEREADOR;0,00;05;;
06837825;0001;41;;08;20041231;20040728;9492800;POUSO FRIO;5315;Santo Antônio do Monte;ELEICOES 2004 - ROMEU DE MATOS FRANCO - VEREADOR;0,00;05;;
06972173;0001;58;;08;20041231;20040910;9492800;ZONA RURAL;5315;Santo Antônio do Monte;ELEICOES 2004 - VALDECI AMARO DO COUTO - VEREADOR;0,00;05;;
03165815;0001;19;;02;20190315;19990413;9430800;CENTRO;5315;Santo Antônio do Monte;CAIXA ESCOLAR PROFESSORA MARIA DA COSTA FERREIRA;0,00;05;;
07209599;0001;17;;02;20050202;20050202;6202300;CENTRO;5315;Santo Antônio do Monte;DPSJ SOLUCOES DIGITAIS LTDA;20000,00;01;S;00000000
25632480;0001;34;;08;20081231;19900220;7490101;CENTRO;5315;Santo Antônio do Monte;REPRESENTACOES FERNANDES LIMITADA;0,00;05;;
86406279;0001;23;;08;20050302;19940315;4781400;CENTRO;5315;Santo Antônio do Monte;FENIX MODAS LTDA;0,00;05;;
68541093;0001;03;BAR E MERCEARIA SILVA COSTA;08;20150209;19921126;4712100;MARIANOS;5315;Santo Antônio do Monte;ANTONIO CECILIO DA COSTA;0,00;05;;
26344671;0001;63;LOJA OLIVEIRA;08;20001020;19900117;4755501;CENTRO;5315;Santo Antônio do Monte;SIDNEI MUNIZ DE OLIVEIRA;0,00;05;;
01673875;0001;17;BIG BOM;08;20150209;19970221;4713004;CENTRO;5315;Santo Antônio do Monte;CLAUDIA ELOISA INACIO;0,00;05;N;00000000
02002946;0001;12;ACOUGUE SAO JUDAS;02;20051103;19970715;4722901;CENTRO;5315;Santo Antônio do Monte;VENILTON FERREIRA - CPF 80099947668;0,00;01;S;00000000
06020704;0001;02;PT SENADOR JOSE BENTO;02;20250105;20030514;9492800;AGUA PARADA;5315;Santo Antônio do Monte;COMISSAO PROVISORIA MUNICIPAL DO PARTIDO DOS TRABALHADORES DE SENADOR JOSE BENTO;0,00;05;;
06836973;0001;41;;08;20041231;20040728;9492800;CENTRO;5315;Santo Antônio do Monte;ELEICOES 2004 - JOSE NOEL FERNANDES - VEREADOR;0,00;05;;
16400177;0001;15;;08;20121231;20120710;9492800;CENTRO;5315;Santo Antônio do Monte;ELEICAO 2012 COMITE FINANCEIRO MG PARA VEREADOR PR SENADOR JOSE BENTO;0,00;05;;
10011712;0001;60;;08;20081231;20080710;9492800;CENTRO;5315;Santo Antônio do Monte;ELEICAO 2008 COMITE FINANCEIRO MUNICIPAL UNICO MG DEM;0,00;05;;
12456234;0001;27;;02;20100830;20100830;1111901;CENTRO;5315;Santo Antônio do Monte;CEAP DO BRASIL LTDA;30000,00;01;S;00000000
12688785;0001;16;UNIDADE ANJOS DE UMA ASA SO;08;20180201;20101019;7319003;centro;5315;Santo Antônio do Monte;MARIA RENATA FERNANDES 73949230610;1,00;01;N;20101019
15858066;0001;94;;08;20121231;20120703;9492800;CENTRO;5315;Santo Antônio do Monte;ELEICAO 2012 JOAO AVELINO PEREIRA VEREADOR;0,00;05;;
15968862;0001;80;;08;20121231;20120705;9492800;CENTRO;5315;Santo Antônio do Monte;ELEICAO 2012 ROSANE MARIA FERNANDES FRAGA VEREADOR;0,00;05;;
16399852;0001;33;;08;20121231;20120710;9492800;CENTRO;5315;Santo Antônio do Monte;ELEICAO 2012 COMITE FINANCEIRO MG UNICO PMDB SENADOR JOSE BENTO;0,00;05;;
16645634;0001;31;;08;20121231;20120806;9492800;CENTRO;5315;Santo Antônio do Monte;ELEICAO 2012 MAYARA ATALICIA DE SOUZA VEREADOR;0,00;05;;
16912730;0001;07;;08;20130918;20120926;4399103;AGUA PARADA;5315;Santo Antônio do Monte;ADRIANO AUGUSTO DE OLIVEIRA 05341676670;1,00;01;N;20120926
22449617;0001;21;;08;20190411;20150514;1052000;MARIANOS;5315;Santo Antônio do Monte;LEONARDO MARTINS MOREIRA 06075148680;8000,00;01;N;20150514
25704884;0001;96;;08;20161231;20160815;9492800;SERRA;5315;Santo Antônio do Monte;ELEICAO 2016 ANTONIO MOREIRA VEREADOR;0,00;05;;
18367360;0001;91;PHARMABELLI;08;20231003;20130626;8211300;CENTRO;5315;Santo Antônio do Monte;ANDERSON BELLI LEMES;8000,00;01;N;00000000
12113482;0001;75;CASA DE CARNES LIMA;08;20220912;20100622;4722901;CENTRO;5315;Santo Antônio do Monte;VALMERSON WILKER DE LIMA;15000,00;01;N;00000000
14759454;0001;55;;04;20240827;20111213;1096100;CENTRO;5315;Santo Antônio do Monte;SUZANA DE AZEVEDO BIRUEL 02145208895;1,00;01;S;20111213
26738884;0001;70;BAR E CONFEITARIA NOSSA SENHORA APARECIDA;08;20230331;20161220;5611204;AGUA PARADA;5315;Santo Antônio do Monte;EDIEL MORAIS GOUVEIA 12889609642;8000,00;01;N;20161220
28327431;0001;86;;08;20210513;20170802;8211300;AGUA PARADA;5315;Santo Antônio do Monte;SIDINEI DE ARAUJO LEMES 28579166802;2000,00;01;N;20170802
30040872;0001;44;SECRETARIA MUNICIPAL DE EDUCACAO;02;20180321;20180321;8411600;CENTRO;5315;Santo Antônio do Monte;SECRETARIA MUNICIPAL DE EDUCACAO DE SENADOR JOSE BENTO;0,00;05;;
36827765;0001;47;;04;20221121;20200331;9602501;SENADOR JOSE BENTO;5315;Santo Antônio do Monte;ERICA EMILHA DA SILVA 14713671690;5000,00;01;S;20200331
38969641;0001;21;;08;20210228;20200925;9492800;CENTRO;5315;Santo Antônio do Monte;ELEICAO 2020 FLAVIO HENRIQUE DE MELO VEREADOR;0,00;05;;
39105690;0001;89;;08;20210228;20200926;9492800;CENTRO;5315;Santo Antônio do Monte;ELEICAO 2020 HELUANA DANIEL DUARTE VEREADOR;0,00;05;;
40079724;0001;97;;08;20210202;20201210;7319002;SENADOR JOSE BENTO;5315;Santo Antônio do Monte;LUCAS CAETANO DE OLIVEIRA 02138673626;1000,00;01;N;20201210
43695794;0001;68;;08;20220722;20210929;8130300;MARIANOS;5315;Santo Antônio do Monte;REGINALDO FERNANDO XAVIER 05756924647;1000,00;01;N;20210929
34204928;0001;00;AUTEC CELULARES;08;20221019;20190714;4752100;CENTRO;5315;Santo Antônio do Monte;JULIANA RODRIGUES PEREIRA SILVA 13106047704;10000,00;01;N;20190714
34511579;0001;79;;02;20190812;20190812;1412602;SENADOR JOSE BENTO;5315;Santo Antônio do Monte;RITA DE CASSIA DA SILVA FERREIRA 04137811601;5000,00;01;S;20190812
43911083;0001;83;;08;20251105;20211018;4781400;CENTRO;5315;Santo Antônio do Monte;REGILENE ROBERTA PEREIRA 05626248641;7000,00;01;N;20211018
34061327;0001;95;;02;20190628;20190628;3314707;SENADOR JOSE BENTO;5315;Santo Antônio do Monte;34.061.327 ANDRE MARTINEZ SANCHEZ;5000,00;01;N;20250101
34894052;0001;70;;08;20200818;20190917;8592999;SENADOR JOSE BENTO;5315;Santo Antônio do Monte;MARIA CEILA DO NASCIMENTO 85964166687;2000,00;01;N;20190917
38861802;0001;69;;08;20210228;20200924;9492800;CENTRO;5315;Santo Antônio do Monte;ELEICAO 2020 VALDEMIR ADENILSON DE LIMA VEREADOR;0,00;05;;
38863535;0001;69;;08;20210228;20200924;9492800;CENTRO;5315;Santo Antônio do Monte;ELEICAO 2020 ENRIQUE DEMETRIO FRAGA VEREADOR;0,00;05;;
38869054;0001;60;;08;20210228;20200924;9492800;CENTRO;5315;Santo Antônio do Monte;ELEICAO 2020 FERNANDO CESAR FERNANDES PREFEITO;0,00;05;;
38869898;0001;01;;08;20210228;20200924;9492800;CENTRO;5315;Santo Antônio do Monte;ELEICAO 2020 ANDREIA REGINA INACIO MEIRA VICE-PREFEITO;0,00;05;;
39519942;0001;16;AUTO CENTER;08;20210305;20201022;4520001;SENADOR JOSE BENTO;5315;Santo Antônio do Monte;CLAUDIANE FLORIANO PINTO 11000216632;20000,00;01;N;20201022
39759628;0001;00;;02;20201112;20201112;4744099;SENADOR JOSE BENTO;5315;Santo Antônio do Monte;EDSON HAMILTON CANADAS 49567560625;50000,00;01;S;20201112
41630080;0001;46;CHACARA CASA BRANCA TURISMO;08;20230109;20210419;8230001;SENADOR JOSE BENTO;5315;Santo Antônio do Monte;CLAUDIANE FLORIANO PINTO 11000216632;10000,00;01;N;20210419
42073280;0001;08;;02;20210525;20210525;4712100;CENTRO;5315;Santo Antônio do Monte;CENTRAL DA ECONOMIA LTDA;20000,00;03;S;00000000
44107833;0002;02;;02;20211123;20211123;4784900;CENTRO;5315;Santo Antônio do Monte;SUPERMERCADO MELHOR PRECO LTDA;50000,00;03;S;00000000
15145137;0002;92;BRAGANCA COMERCIAL E IMPORTADORA;02;20230217;20230217;4685100;CENTRO;5315;Santo Antônio do Monte;BRAGANCA COMERCIAL E IMPORTADORA LTDA;500000,00;01;N;00000000
51265499;0001;08;;02;20230703;20230703;4729699;CENTRO;5315;Santo Antônio do Monte;51.265.499 AMAURI QUITTO;10000,00;01;S;20230703
51974030;0001;30;;02;20230828;20230828;8712300;SENADOR JOSE BENTO;5315;Santo Antônio do Monte;51.974.030 ELINAIDE MARIA DA SILVA;100,00;01;S;20230828
55951382;0001;20;;02;20240716;20240716;5611203;CENTRO;5315;Santo Antônio do Monte;55.951.382 DEISE LEA RIBEIRO;10000,00;01;S;20240716
56624453;0001;43;;08;20241231;20240813;9492800;CENTRO;5315;Santo Antônio do Monte;ELEICAO 2024 EMERSON BENEDITO FERREIRA DO COUTO VEREADOR;0,00;05;;
56819382;0001;34;;08;20241231;20240815;9492800;CENTRO;5315;Santo Antônio do Monte;ELEICAO 2024 JOSE APARECIDO DO COUTO VEREADOR;0,00;05;;
56830999;0001;50;;08;20241231;20240815;9492800;CENTRO;5315;Santo Antônio do Monte;ELEICAO 2024 MARCELO EVARISTO PINTO VEREADOR;0,00;05;;
56831764;0001;83;;08;20241231;20240815;9492800;CENTRO;5315;Santo Antônio do Monte;ELEICAO 2024 FABIANA ATILIA DO COUTO VEREADOR;0,00;05;;
56833232;0001;85;;08;20241231;20240815;9492800;CENTRO;5315;Santo Antônio do Monte;ELEICAO 2024 JHOSE ANGELO BELLI VEREADOR;0,00;05;;
57975397;0001;54;;02;20241105;20241105;4520005;SENADOR JOSE BENTO;5315;Santo Antônio do Monte;57.975.397 BIANCA TEIXEIRA DA SILVA ARAUJO;1000,00;01;S;20241105
58684611;0001;86;;02;20250108;20250108;9700500;AGUA PARADA;5315;Santo Antônio do Monte;58.684.611 JULIANA GIORDANO DE PAULA MELO;3000,00;01;S;20250108
56961928;0001;97;AGROCOMERCIAL REI DA PANDA;02;20240822;20240822;4724500;CENTRO;5315;Santo Antônio do Monte;CARLITO KLEMBA;50000,00;03;;
62195002;0001;30;;02;20250812;20250812;5611203;CENTRO;5315;Santo Antônio do Monte;62.195.002 MARIA RITA RIBEIRO DE SOUZA;10000,00;01;S;20250812
03642040;0001;25;CASA SENADOR MATERIAIS P/ CONSTRUCAO;03;20071017;20000211;4744005;CENTRO;5315;Santo Antônio do Monte;VALQUIRIA APARECIDA VIEIRA PINTO;0,00;01;;
00394334;0001;97;BAR E MERCEARIA DA AMIZADE;08;20070706;19950112;4723700;AGUA PARADA;5315;Santo Antônio do Monte;BENEDITO PEREIRA DA SILVA;0,00;01;N;00000000
00511218;0001;00;MERCEARIA SAO SEBASTIAO;04;20210331;19950329;4723700;CENTRO;5315;Santo Antônio do Monte;JOSE DONIZETE DO COUTO;0,00;01;S;00000000
22150718;0002;88;CANTINHO DA NENECA;08;20081231;19870407;4781400;CENTRO;5315;Santo Antônio do Monte;ROMILDA VILELA DOS SANTOS;0,00;05;;
34028316;3035;13;ECT DR CPA AG SENADOR JOSE BENTO;08;19990525;19860707;5310501;CENTRO;5315;Santo Antônio do Monte;EMPRESA BRASILEIRA DE CORREIOS E TELEGRAFOS;3403457702,21;05;;
06819871;0001;18;;08;20041231;20040728;9492800;CENTRO;5315;Santo Antônio do Monte;ELEICOES 2004 - JULIANO JUVENAL - VEREADOR;0,00;05;;
38722005;0001;09;BAR DO NEN;08;20081231;19900809;4723700;PONTE NOVA;5315;Santo Antônio do Monte;JOSE LOPES FERNANDES;0,00;05;;
07392876;0001;70;PUBLICA ASSESSORIA E TREINAMENTOS;02;20050518;20050518;6920601;CENTRO;5315;Santo Antônio do Monte;PUBLICA ASSESSORIA E TREINAMENTOS LTDA;0,00;01;S;00000000
65197527;0001;01;BAR PEREIRA;08;20031010;19910228;4723700;TRES BARRAS;5315;Santo Antônio do Monte;LUCINEIA MARIA DE SOUZA;0,00;05;;
74652199;0002;50;;02;20051103;19960105;1412601;CENTRO;5315;Santo Antônio do Monte;BRIDITEX INDUSTRIA E COMERCIO DE ROUPAS LTDA;0,00;01;;
49868978;0001;69;;08;20230502;20230309;8219999;CENTRO;5315;Santo Antônio do Monte;49.868.978 HIGOR INACIO SOUZA PINTO;1,00;01;;
50035006;0001;72;;02;20230322;20230322;8130300;BREJINHO;5315;Santo Antônio do Monte;50.035.006 FLAVIO PEREIRA DE SOUZA;3000,00;01;;
51096368;0001;36;;02;20230619;20230619;7319002;SENADOR JOSE BENTO;5315;Santo Antônio do Monte;51.096.368 HIGOR INACIO SOUZA PINTO;1,00;01;;
55493633;0001;70;;08;20250220;20240318;9492800;CENTRO;5315;Santo Antônio do Monte;PARTIDO AVANTE - AVANTE - SENADOR JOSE BENTO - MG - MUNICIPAL;0,00;05;;
55527788;0001;80;;02;20240614;20240614;2229303;POUSO FRIO;5315;Santo Antônio do Monte;POUSO BANHEIRAS LTDA;30000,00;01;;
56623348;0001;90;;08;20241231;20240813;9492800;CENTRO;5315;Santo Antônio do Monte;ELEICAO 2024 ROBSON JOSE DOS SANTOS LORETO VEREADOR;0,00;05;;
56825199;0001;41;;08;20241231;20240815;9492800;CENTRO;5315;Santo Antônio do Monte;ELEICAO 2024 VALDEMIR ADENILSON DE LIMA VEREADOR;0,00;05;;
50061062;0001;81;;02;20230323;20230323;1422300;SENADOR JOSE BENTO;5315;Santo Antônio do Monte;ROTTA MALHAS LTDA;20000,00;01;;
61067489;0001;03;AGROMAIS;02;20250529;20250529;4763604;AGUA PARADA;5315;Santo Antônio do Monte;AGROMAIS AGROPECUARIA LTDA;20000,00;01;;
63942332;0001;05;FAZENDA DO PITADOR;02;20251202;20251202;0230600;PITADOR DA PEDRA;5315;Santo Antônio do Monte;FAZENDA DO PITADOR LTDA;8400,00;01;;
03603317;0001;00;BAR LANCHONETE E MERCEARIA ARAUJO;08;20180201;20000119;4723700;SEDE;5315;Santo Antônio do Monte;;;;;
02524964;0001;64;CAFE SANTA FE;01;19980423;19980423;4632001;CENTRO;5315;Santo Antônio do Monte;;;;;
19358803;0001;40;LANCHONETE MODELO;08;19811223;19770322;8888888;CENTRO;5315;Santo Antônio do Monte;;;;;
06844932;0001;05;;08;20041231;20040728;9492800;SERRA;5315;Santo Antônio do Monte;;;;;
04812732;0001;37;CAMARA MUNICIPAL DE SENADOR JOSE BENTO;02;20011127;20011127;8411600;CENTRO;5315;Santo Antônio do Monte;;;;;
22307607;0001;51;;08;19881021;19860909;4744001;CENTRO;5315;Santo Antônio do Monte;;;;;
01622128;0001;50;AUTO POSTO FERREIRA;04;20190123;19970102;4731800;CENTRO;5315;Santo Antônio do Monte;;;;;
25863903;0001;27;;08;20081231;19890612;2330301;CENTRO;5315;Santo Antônio do Monte;;;;;
66280983;0001;75;BAR E LANCHONETE CENTRAL;08;20081231;19910711;5611203;CENTRO;5315;Santo Antônio do Monte;VALMIR DA SILVA;0,00;05;;
17097866;0001;65;;08;19840321;19811130;8888888;CENTRO;5315;Santo Antônio do Monte;;;;;
04753765;0001;53;BAR LANCHONETE SANTA LUCIA;08;20030801;20011109;5611203;CENTRO;5315;Santo Antônio do Monte;;;;;
01399694;0001;44;;02;20250105;19960723;9492800;TRES BARRAS;5315;Santo Antônio do Monte;;;;;
03065134;0001;89;LATICINIO PONTE NOVA;08;19990802;19990329;1052000;PONTE NOVA;5315;Santo Antônio do Monte;;;;;
22184865;0001;98;;08;19930706;19860731;4637101;CENTRO;5315;Santo Antônio do Monte;;;;;
41778606;0001;30;;08;20081231;19920812;9492800;CENTRO;5315;Santo Antônio do Monte;UNIAO PROGRESSISTA SENADORENSE;0,00;05;;
65300196;0001;85;FARMACIA SAO JOSE;08;20081231;19910412;4771701;CENTRO;5315;Santo Antônio do Monte;LEILA CRISTINA DE LIMA ABREU;0,00;05;;
01757009;0001;04;CENTRAL DA ECONOMIA;02;20050212;19970401;4712100;CENTRO;5315;Santo Antônio do Monte;;;;;
19375005;0001;27;BAR SAO JOSE;08;20081231;19770707;5611203;PONTE NOVA;5315;Santo Antônio do Monte;;;;;
09694755;0001;08;;08;20081231;20080704;9492800;CENTRO;5315;Santo Antônio do Monte;;;;;
09705204;0001;00;;08;20081231;20080704;9492800;CENTRO;5315;Santo Antônio do Monte;;;;;
11354330;0001;00;;08;20180201;20091127;5612100;CENTRO;5315;Santo Antônio do Monte;;;;;
09712652;0001;23;;08;20081231;20080704;9492800;CENTRO;5315;Santo Antônio do Monte;;;;;
09914491;0001;50;;08;20081231;20080709;9492800;CENTRO;5315;Santo Antônio do Monte;;;;;
15857936;0001;00;;08;20121231;20120703;9492800;CENTRO;5315;Santo Antônio do Monte;;;;;
16040755;0001;50;;08;20121231;20120705;9492800;CENTRO;5315;Santo Antônio do Monte;;;;;
15597462;0002;96;LABVIDA ANALISES CLINICAS;08;20181206;20150116;8640202;CENTRO;5315;Santo Antônio do Monte;;;;;
24201708;0001;79;CONFECCOES TRES IRMAS;08;20200103;20160218;1412602;CENTRO;5315;Santo Antônio do Monte;;;;;
24719345;0001;68;DROGARIA SENADOR JOSE BENTO;08;20160708;20160504;4771701;CENTRO;5315;Santo Antônio do Monte;;;;;
24756495;0001;41;;08;20190312;20160509;7119702;CENTRO;5315;Santo Antônio do Monte;;;;;
24909543;0001;94;LATICINIO FIAPO DE OURO;04;20210331;20160601;4721103;Tres Barras;5315;Santo Antônio do Monte;;;;;
25227112;0001;00;;04;20210331;20160718;5611204;CENTRO;5315;Santo Antônio do Monte;;;;;
17930934;0073;08;PAROQUIA DE SAO SEBASTIAO;02;20160712;20160712;9491000;CENTRO;5315;Santo Antônio do Monte;ARQUIDIOCESE DE POUSO ALEGRE;0,00;05;;
25703340;0001;00;;08;20161231;20160815;9492800;CENTRO;5315;Santo Antônio do Monte;;;;;
23897573;0001;65;FARMACIA SAO LAZARO POPULAR;02;20160102;20160102;4771701;CENTRO;5315;Santo Antônio do Monte;;;;;
23198964;0001;91;ROTTA MALHAS;08;20230323;20150902;1412601;SENADOR JOSE BENTO;5315;Santo Antônio do Monte;;;;;
16040849;0001;29;;08;20121231;20120705;9492800;CENTRO;5315;Santo Antônio do Monte;;;;;
27110270;0001;01;;02;20170214;20170214;1412601;CENTRO;5315;Santo Antônio do Monte;;;;;
28093390;0001;00;CAFE GRAO DA SERRA;08;20201125;20170703;1081301;TRES BARRAS;5315;Santo Antônio do Monte;TORREFACAO E MOAGEM DE CAFE CORREA DE MORAIS LTDA;15000,00;01;;
28842427;0001;56;;02;20171011;20171011;4729699;MARIANO;5315;Santo Antônio do Monte;PATRICIA ANDREA PAIXAO DE OLIVEIRA E SILVA 69201293615;2000,00;01;;
29468888;0001;73;;04;20220209;20180118;4712100;MARIANOS;5315;Santo Antônio do Monte;DONIZETE BERTULINO INACIO 78726891972;5000,00;01;;
31376939;0001;89;CAFE PRIMOR- CAFE ZE BENTO;02;20180830;20180830;1081302;CENTRO;5315;Santo Antônio do Monte;LEANDRO PEREIRA CARVALHO;30000,00;01;;
31397874;0001;58;;08;20181231;20180901;9492800;CENTRO;5315;Santo Antônio do Monte;ELEICAO 2018 FLAVIO DE SOUZA PINTO DEPUTADO ESTADUAL;0,00;05;;
33261169;0001;54;CAFE DO VALE MINEIRO;02;20190405;20190405;1081302;CENTRO;5315;Santo Antônio do Monte;;;;;
34702260;0001;20;;02;20190508;20190508;9492800;CENTRO;5315;Santo Antônio do Monte;;;;;
36898717;0001;40;CASCALHEIRA SAO TOME;02;20200408;20200408;0810006;SAO TOME;5315;Santo Antônio do Monte;;;;;
38864365;0001;37;;08;20210228;20200924;9492800;CENTRO;5315;Santo Antônio do Monte;;;;;
38873403;0001;18;;08;20210228;20200924;9492800;CENTRO;5315;Santo Antônio do Monte;;;;;
41559534;0001;30;VINICOLA ALMA MINEIRA;02;20210413;20210413;1112700;AGUA PARADA;5315;Santo Antônio do Monte;VINICOLA ALMA MINEIRA LTDA.;800000,00;05;;
43409359;0001;20;;02;20210903;20210903;9700500;TRES BARRAS;5315;Santo Antônio do Monte;HOZANETE ALEXANDRE DE LIMA 11522813802;50,00;01;;
43518875;0001;92;;02;20210914;20210914;4772500;CENTRO;5315;Santo Antônio do Monte;RAFAEL JOSE DE LIMA 07916724685;15000,00;01;;
28948534;0001;63;RT LOPES;02;20230213;20171027;4724500;TRES BARRAS;5315;Santo Antônio do Monte;RONY APARECIDO LOPES;5000,00;01;;
44059820;0001;24;;02;20211028;20211028;8130300;MARIANO;5315;Santo Antônio do Monte;44.059.820 DANILO APARECIDO DA SILVA FRAGA;20000,00;01;;
21295807;0002;50;BATATA PALHA OURO DE MINAS;02;20240422;20240422;1032599;AREA RURAL;5315;Santo Antônio do Monte;;;;;
56626218;0001;00;;08;20241231;20240813;9492800;AREA RURAL;5315;Santo Antônio do Monte;ELEICAO 2024 MICHELE INACIO FAUSTINO VEREADOR;0,00;05;;
56827894;0001;42;;08;20241231;20240815;9492800;CENTRO;5315;Santo Antônio do Monte;ELEICAO 2024 JULIANO JUVENAL VEREADOR;0,00;05;;
56861202;0001;82;;08;20241231;20240815;9492800;CENTRO;5315;Santo Antônio do Monte;ELEICAO 2024 JOENIR RODRIGUES DA SILVA VICE-PREFEITO;0,00;05;;
56880444;0001;13;;08;20241231;20240816;9492800;CENTRO;5315;Santo Antônio do Monte;ELEICAO 2024 EDMARA LUIZA BARBOSA RICIATE VEREADOR;0,00;05;;
56988733;0001;30;;02;20240823;20240823;4789001;DOS CORREIAS;5315;Santo Antônio do Monte;56.988.733 MARILDA DE OLIVEIRA FRANCO;5000,00;01;;
58111288;0001;51;BATATA PALHA TESOURO DE MINAS;02;20241114;20241114;1032599;AREA RURAL;5315;Santo Antônio do Monte;BATATA PALHA TESOURO DE MINAS LTDA;60000,00;01;;
45251028;0001;30;;08;20240812;20220211;1096100;SENADOR JOSE BENTO;5315;Santo Antônio do Monte;WESLEY HENRIQUE DA SILVA MARQUES 13803087635;1000,00;01;;
62879922;0001;78;;02;20250924;20250924;4923001;SENADOR JOSE BENTO;5315;Santo Antônio do Monte;62.879.922 LOURENCO DOS SANTOS RODRIGUES;1000,00;01;;
03964226;0001;09;DELICIAS MINEIRA;08;20020712;20000731;1091101;CENTRO;5315;Santo Antônio do Monte;;;;;
05870532;0001;01;;02;20051103;20030521;1081302;SAO PEDRO;5315;Santo Antônio do Monte;;;;;
17929043;0001;59;OLARIA BOA ESPERANCA;08;19780829;19731101;8888888;MARIANOS;5315;Santo Antônio do Monte;;;;;
18365163;0001;33;;08;20121220;19840417;5611204;SAO PEDRO;5315;Santo Antônio do Monte;;;;;
06835226;0001;99;;08;20041231;20040728;9492800;AGUA PARADA;5315;Santo Antônio do Monte;;;;;
06838688;0001;60;;08;20041231;20040728;9492800;BAIRRO DA SERRA;5315;Santo Antônio do Monte;;;;;
06843006;0001;07;;08;20041231;20040728;9492800;AGUA PARADA;5315;Santo Antônio do Monte;;;;;
23982127;0001;59;;08;20150209;19880302;4712100;BREJINHO;5315;Santo Antônio do Monte;;;;;
26012419;0001;57;;08;20081231;19890824;4771701;CENTRO;5315;Santo Antônio do Monte;;;;;
71129290;0001;16;CEREALISTA ALTO ALEGRE;08;20081231;19930629;4632001;CENTRO;5315;Santo Antônio do Monte;F P BENEFICIAMENTO E COMERCIO DE PROD ALIMENTICIOS LTDA;0,00;05;;
06833050;0001;36;;08;20041231;20040728;9492800;AUGUSTO KREISMANN;5315;Santo Antônio do Monte;;;;;
71247027;0001;21;STYLLUS WILLIAN;08;19930730;19930730;4781400;CENTRO;5315;Santo Antônio do Monte;EDSON HAMILTON CANADAS;0,00;05;;
20372314;0001;22;;02;19980728;19780524;6912500;CENTRO;5315;Santo Antônio do Monte;;;;;
03977450;0001;27;PSD - PARTIDO SOCIAL DEMOCRATICO;02;20200821;20000729;9492800;CENTRO;5315;Santo Antônio do Monte;;;;;
09404077;0001;00;;02;20071206;20071206;4723700;AGUA PARADA;5315;Santo Antônio do Monte;;;;;
09916881;0001;60;;08;20081231;20080709;9492800;CENTRO;5315;Santo Antônio do Monte;;;;;
10004986;0001;21;;08;20081231;20080710;9492800;CENTRO;5315;Santo Antônio do Monte;;;;;
10047605;0001;91;;08;20081231;20080709;9492800;CENTRO;5315;Santo Antônio do Monte;;;;;
10081473;0001;14;;08;20081231;20080709;9492800;CENTRO;5315;Santo Antônio do Monte;;;;;
14496591;0001;44;COSTA PROMOCOES;08;20230227;20111021;5620104;CORREGO DA ONCA;5315;Santo Antônio do Monte;;;;;
09714837;0001;77;;08;20081231;20080704;9492800;CENTRO;5315;Santo Antônio do Monte;;;;;
15857678;0001;62;;08;20121231;20120703;9492800;CENTRO;5315;Santo Antônio do Monte;;;;;
15858214;0001;70;;08;20121231;20120703;9492800;CENTRO;5315;Santo Antônio do Monte;;;;;
15968865;0001;13;;08;20121231;20120705;9492800;CENTRO;5315;Santo Antônio do Monte;;;;;
17167133;0001;50;;08;20251222;20121114;4520002;CENTRO;5315;Santo Antônio do Monte;;;;;
19689368;0001;37;CIMM PLANEJADOS;08;20190913;20140210;3101200;BOCA DA ONCA;5315;Santo Antônio do Monte;;;;;
25365497;0001;72;;08;20161231;20160803;9492800;CENTRO;5315;Santo Antônio do Monte;;;;;
25364494;0001;14;;08;20161231;20160803;9492800;CENTRO;5315;Santo Antônio do Monte;;;;;
16400214;0001;95;;08;20121231;20120710;9492800;AGUA PARADA;5315;Santo Antônio do Monte;;;;;
10037206;0001;40;;08;20081231;20080709;9492800;CENTRO;5315;Santo Antônio do Monte;;;;;
32511440;0001;08;;08;20250812;20190121;5611204;SENADOR JOSE BENTO;5315;Santo Antônio do Monte;;;;;
37885967;0001;08;;02;20200728;20200728;2539001;FLORIANO;5315;Santo Antônio do Monte;;;;;
38866811;0001;42;;08;20210228;20200924;9492800;CENTRO;5315;Santo Antônio do Monte;;;;;
38869612;0001;98;;08;20210228;20200924;9492800;CENTRO;5315;Santo Antônio do Monte;;;;;
39095511;0001;70;;08;20210228;20200926;9492800;CENTRO;5315;Santo Antônio do Monte;;;;;
39171961;0001;02;;08;20210228;20200928;9492800;CENTRO;5315;Santo Antônio do Monte;;;;;
19558484;0002;06;;08;20210705;20210519;4784900;CENTRO;5315;Santo Antônio do Monte;JOAO ANTONIO DE SOUZA FRANCO;20000,00;01;N;00000000
46812313;0001;45;AGROPECUARIA BENTENSE;02;20220617;20220617;4771704;CENTRO;5315;Santo Antônio do Monte;MARCOS ANTONIO DA SILVA 02473096805;20000,00;01;;
47855075;0001;18;;02;20220906;20220906;4399103;AGUA PARADA;5315;Santo Antônio do Monte;MARCOS ANTONIO FERREIRA 00997176628;150,00;01;;
50905309;0001;07;;08;20240411;20230601;4930202;AGUA PARADA, ZONA RURAL;5315;Santo Antônio do Monte;50.905.309 JOSE LUIZ FERREIRA;2000,00;01;;
54472387;0001;08;;02;20240307;20240307;9492800;CENTRO;5315;Santo Antônio do Monte;PARTIDO RENOVACAO DEMOCRATICA - SENADOR JOSE BENTO - MG - MUNICIPAL;0,00;05;;
55429392;0001;09;;02;20240606;20240606;9602501;SENADOR JOSE BENTO;5315;Santo Antônio do Monte;55.429.392 PAOLA TAMARIS DE MAGALHAES;2000,00;01;;
56619689;0001;91;;08;20241231;20240813;9492800;SAO PEDRO;5315;Santo Antônio do Monte;ELEICAO 2024 EVERTON JOHNES SILVA BRANDAO VEREADOR;0,00;05;;
56628157;0001;10;;08;20241231;20240813;9492800;CENTRO;5315;Santo Antônio do Monte;ELEICAO 2024 MARIA DE FATIMA MELO VEREADOR;0,00;05;;
56820898;0001;07;;08;20241231;20240815;9492800;CENTRO;5315;Santo Antônio do Monte;ELEICAO 2024 ANTONIO MOREIRA VEREADOR;0,00;05;;
56882550;0001;36;;08;20241231;20240816;9492800;CENTRO;5315;Santo Antônio do Monte;ELEICAO 2024 ANDREIA REGINA INACIO MEIRA PREFEITO;0,00;05;;
62735571;0001;21;;02;20021210;20021210;8411600;CENTRO;5315;Santo Antônio do Monte;FUNDO MUNICIPAL DOS DIREITOS DA CRIANCA E DO ADOLESCENTE DO MUNICIPIO DE SENADOR JOSE BENTO;0,00;05;;
63476259;0001;23;;02;20251102;20251102;5229099;SENADOR JOSE BENTO;5315;Santo Antônio do Monte;63.476.259 DIONATAN ALMEIDA GUIMARAES;3500,00;01;;
62277635;0001;98;;02;20250818;20250818;4930202;CENTRO;5315;Santo Antônio do Monte;62.277.635 CELIO VILAS BOAS DE SOUZA;40000,00;01;;
03669593;0001;71;PADARIA E CONFEITARIA MAE RAINHA;08;20150827;20000225;1091102;CENTRO;5315;Santo Antônio do Monte;;;;;
03724024;0001;81;;08;20230713;20000323;4619200;CENTRO;5315;Santo Antônio do Monte;;;;;
06059409;0001;60;PR - PARTIDO DA REPUBLICA DE SENADOR JOSE BENTO;02;20250105;20031114;9492800;CENTRO;5315;Santo Antônio do Monte;;;;;
17847021;0001;40;BAR E EMPORIO LORETO;08;20081231;19830415;5611203;CENTRO;5315;Santo Antônio do Monte;;;;;
19700285;0001;00;;02;20050924;19770926;8550301;CENTRO;5315;Santo Antônio do Monte;;;;;
06817366;0001;34;;08;20041231;20040728;9492800;ZONA RURAL;5315;Santo Antônio do Monte;;;;;
06836974;0001;96;;08;20041231;20040728;9492800;ETR AGUA PARADA KM1;5315;Santo Antônio do Monte;;;;;
38497434;0001;11;MERCEARIA VIEIRA;02;20051103;19900223;4712100;CENTRO;5315;Santo Antônio do Monte;;;;;
38508248;0001;30;POUSADA VALE DAS MONTANHAS;04;20190123;19930114;5611201;ZONA RURAL;5315;Santo Antônio do Monte;;;;;
03039610;0001;97;;08;20050808;19981110;4771701;CENTRO;5315;Santo Antônio do Monte;;;;;
06076543;0001;79;MERCADO DO NETO;04;20210331;20040126;4729699;CENTRO;5315;Santo Antônio do Monte;;;;;
19375054;0001;60;;08;20000225;19770712;8888888;CENTRO;5315;Santo Antônio do Monte;;;;;
02856929;0001;42;;08;20081231;19981111;9430800;CENTRO;5315;Santo Antônio do Monte;;;;;
21381496;0001;60;BAR SANTA LUCIA;08;20001020;19791210;5611203;CENTRO;5315;Santo Antônio do Monte;;;;;
08860167;0001;34;;08;20080814;20070425;8690999;CENTRO;5315;Santo Antônio do Monte;;;;;
07507937;0002;88;CACHACA SERRANA;08;20130121;20080116;1111901;CENTRO;5315;Santo Antônio do Monte;IRMAOS INACIO PRODUCAO DE CACHACA LTDA;0,00;01;;
09702639;0001;93;;08;20081231;20080704;9492800;CENTRO;5315;Santo Antônio do Monte;;;;;
09714912;0001;08;;08;20081231;20080704;9492800;CENTRO;5315;Santo Antônio do Monte;;;;;
10006665;0001;66;;08;20081231;20080710;9492800;CENTRO;5315;Santo Antônio do Monte;;;;;
10067132;0001;94;;08;20081231;20080709;9492800;CENTRO;5315;Santo Antônio do Monte;;;;;
14462775;0001;93;;02;20111015;20111015;9602501;CENTRO;5315;Santo Antônio do Monte;;;;;
15735162;0001;45;PTN;02;20250107;20091001;9492800;SAO JACINTO;5315;Santo Antônio do Monte;;;;;
15944973;0001;56;;08;20121231;20120705;9492800;CENTRO;5315;Santo Antônio do Monte;;;;;
16483782;0001;05;;08;20121231;20120714;9492800;CENTRO;5315;Santo Antônio do Monte;;;;;
15849182;0001;47;;08;20121231;20120703;9492800;CENTRO;5315;Santo Antônio do Monte;;;;;
22374292;0002;46;;08;20201023;20100727;1521100;CENTRO;5315;Santo Antônio do Monte;;;;;
15494372;0001;99;KI TEMPERO ALIMENTOS LTDA;08;20180201;20120509;1095300;CENTRO;5315;Santo Antônio do Monte;;;;;
22375575;0001;21;;04;20231116;20150504;4399103;CENTRO;5315;Santo Antônio do Monte;;;;;
25364484;0001;89;;08;20161231;20160803;9492800;CENTRO;5315;Santo Antônio do Monte;;;;;
25698951;0001;07;;08;20161231;20160815;9492800;AGUA PARADA;5315;Santo Antônio do Monte;;;;;
10331005;0001;50;;08;20191004;20080909;5611201;CENTRO;5315;Santo Antônio do Monte;;;;;
